NameID,XFMR_KVA_RATING,PRIMARY_VOLTAGE,CLASSIFICATION,PCB,PHASE,NO_CUSTOMERS,INSTALLATION_DATE,,,**Dummy data prepared for data exercise purposes only
TX1633,200.00,27.6/16kV,Submersible,NO,W,46,2006-10-04 9:48,,,
TX1783,200.00,27.6/16kV,Submersible,NO,R,33,2006-10-04 9:48,,,
TX1607,167.00,16kV,Submersible,NO,B,52,2010-02-21 10:43,,,
TX2067,100.00,27.6/16kV,Submersible,NO,B,30,1989-10-31 9:05,,,
TX2459,1000.00,16kV,Submersible,NO,W,38,1978-08-23 13:54,,,
TX1635,75.00,13.8/8kV,Pole,NO,W,60,1993-12-01 11:46,,,
TX1817,50.00,13.8/8kV,Pole,NO,W,32,1983-06-24 11:41,,,
TX1236,75.00,13.8/8kV,Pole,NO,W,60,1983-06-24 12:39,,,
TX1696,50.00,13.8/8kV,Pole,NO,B,35,1990-08-29 14:34,,,
TX1475,50.00,13.8/8kV,Pole,NO,W,21,1992-01-02 19:40,,,
TX2111,75.00,8kV,Pole,NO,R,30,1996-01-01 15:56,,,
TX2415,50.00,8kV,Pole,NO,W,54,1990-10-16 21:38,,,
TX1070,50.00,13.8/8kV,Pole,NO,R,49,1983-06-30 16:32,,,
TX1602,75.00,13.8/8kV,Pole,NO,W,50,1994-09-01 21:57,,,
TX1784,50.00,13.8/8kV,Pole,NO,B,22,1992-01-02 21:47,,,
TX1576,75.00,8kV,Pole,YES,B,26,1988-10-01 16:46,,,
TX2076,75.00,13.8/8kV,Pole,NO,B,30,1992-01-02 22:02,,,
TX1431,100.00,13.8/8kV,Pole,NO,B,58,1989-06-01 21:14,,,
TX2280,50.00,13.8/8kV,Pole,NO,R,32,1997-10-01 18:31,,,
TX1752,75.00,13.8/8kV,Pole,YES,B,27,1988-08-18 8:05,,,
TX2365,50.00,13.8/8kV,Pole,NO,W,47,1990-11-14 8:01,,,
TX2037,75.00,13.8/8kV,Pole,NO,R,44,1992-01-27 9:06,,,
TX2093,100.00,27.6/16kV,Submersible,YES,RWB,27,1984-12-11 21:09,,,
TX1561,75.00,13.8/8kV,Pole,NO,W,40,1994-09-01 17:32,,,
TX1238,75.00,13.8/8kV,Pole,NO,B,45,1983-06-24 9:44,,,
TX1929,100.00,16kV,Pole,NO,W,39,2000-10-23 11:28,,,
TX2006,50.00,27.6/16kV,Pole,NO,B,21,2000-10-23 12:27,,,
TX1841,75.00,13.8/8kV,Pole,NO,R,15,1993-06-25 18:59,,,
TX1940,50.00,13.8/8kV,Pole,NO,R,24,1995-05-01 20:57,,,
TX1396,50.00,13.8/8kV,Pole,NO,B,700,1986-10-14 11:01,,,
TX2224,75.00,13.8/8kV,Pole,NO,B,35,1993-11-01 16:37,,,
TX1202,50.00,13.8/8kV,Pole,YES,W,57,1993-06-25 9:21,,,
TX2266,50.00,27.6/16kV,Pole,YES,R,34,1987-03-04 11:00,,,
TX2143,167.00,16kV,Submersible,YES,R,15,1984-12-11 15:49,,,
TX1033,75.00,2.4kV,Pole,NO,B,49,1997-10-10 8:51,,,
TX1432,75.00,13.8/8kV,Pole,NO,W,38,1983-06-24 9:49,,,
TX2357,75.00,16kV,Pole,NO,B,49,1991-10-01 18:17,,,
TX2344,75.00,16kV,Pole,NO,B,32,1983-08-09 17:50,,,
TX1603,50.00,16kV,Pole,YES,R,56,1983-08-19 16:49,,,
TX1843,167.00,13.8/8kV,Submersible,NO,B,22,1992-07-21 10:46,,,
TX2198,75.00,13.8/8kV,Pole,NO,W,60,1993-12-01 19:17,,,
TX1650,50.00,13.8/8kV,Pole,NO,B,36,1993-12-01 22:27,,,
TX2040,75.00,27.6/16kV,Submersible,NO,B,17,1999-04-22 21:02,,,
TX2153,50.00,27.6/16kV,Pole,NO,R,15,1985-05-01 19:32,,,
TX2409,100.00,27.6/16kV,Pole,NO,W,18,2003-01-16 20:51,,,
TX1786,50.00,27.6/16kV,Pole,NO,B,40,1983-01-04 21:10,,,
TX2140,75.00,16kV,Pole,NO,B,48,1989-08-01 20:17,,,
TX1601,100.00,27.6/16kV,Pole,NO,B,28,2001-10-22 21:37,,,
TX1338,50.00,16kV,Pole,NO,B,45,1998-02-02 22:08,,,
TX1164,100.00,16kV,Pole,NO,B,49,2001-10-22 23:16,,,
TX1430,75.00,27.6/16kV,Pole,YES,W,15,1997-04-16 16:33,,,
TX1933,75.00,16kV,Submersible,NO,B,45,1999-04-22 18:35,,,
TX1369,75.00,27.6/16kV,Pole,NO,W,24,1992-05-01 10:19,,,
TX2139,100.00,16kV,Submersible,NO,B,57,1998-12-31 8:54,,,
TX1463,75.00,27.6/16kV,Pole,YES,R,60,2001-10-22 18:11,,,
TX1307,75.00,27.6/16kV,Submersible,YES,R,24,1999-04-22 13:41,,,
TX1071,100.00,27.6/16kV,Pole,NO,B,28,2000-10-23 13:08,,,
TX1862,167.00,16kV,Submersible,NO,W,23,1983-08-22 10:31,,,
TX2488,167.00,16kV,Submersible,NO,R,55,1983-08-22 10:10,,,
TX2343,100.00,16kV,Submersible,NO,B,57,1983-08-19 10:24,,,
TX2141,75.00,16kV,Pole,NO,W,23,1989-07-05 17:27,,,
TX1300,75.00,16kV,Pole,NO,W,51,1989-07-05 18:38,,,
TX1130,50.00,16kV,Pole,YES,W,23,1991-10-01 19:02,,,
TX2364,50.00,16kV,Pole,NO,R,33,2009-12-01 18:25,,,
TX2223,75.00,27.6/16kV,Submersible,NO,B,850,1999-04-22 9:09,,,
TX1495,75.00,27.6/16kV,Pole,NO,W,42,1991-05-03 18:38,,,
TX2493,50.00,27.6/16kV,Pole,NO,B,38,1997-09-01 9:57,,,
TX1873,50.00,27.6/16kV,Pole,NO,B,24,1900-03-01 9:59,,,
TX1697,75.00,16kV,Pole,YES,W,47,1983-06-03 9:56,,,
TX1092,100.00,27.6/16kV,Pole,NO,B,50,1994-03-01 10:53,,,
TX2397,75.00,27.6/16kV,Pole,NO,W,52,1995-08-01 13:06,,,
TX1461,75.00,27.6/16kV,Pole,YES,W,46,1997-09-01 12:25,,,
TX2145,50.00,16kV,Pole,YES,R,42,1990-01-01 10:23,,,
TX1410,50.00,27.6/16kV,Pole,YES,W,16,1998-10-19 10:48,,,
TX1370,50.00,27.6/16kV,Pole,YES,B,25,1991-05-03 15:46,,,
TX1405,75.00,27.6/16kV,Pole,NO,R,53,1994-04-19 19:04,,,
TX2038,75.00,27.6/16kV,Pole,NO,B,16,1987-08-19 21:00,,,
TX1010,75.00,27.6/16kV,Pole,NO,W,59,1994-04-19 21:56,,,
TX2427,167.00,16kV,Submersible,YES,B,26,1999-04-22 13:04,,,
TX1634,167.00,27.6/16kV,Submersible,NO,R,37,1986-05-14 13:21,,,
TX1976,50.00,27.6/16kV,Pole,NO,W,39,1999-04-22 16:06,,,
TX1235,50.00,27.6/16kV,Pole,NO,R,17,1983-06-24 16:29,,,
TX1915,50.00,16kV,Pole,NO,W,39,1998-07-01 13:11,,,
TX1739,50.00,16kV,Pole,NO,W,47,1998-07-01 13:14,,,
TX1305,50.00,16kV,Pole,YES,B,31,1993-05-18 10:38,,,
TX2152,50.00,27.6/16kV,Pole,NO,W,51,1995-08-01 12:50,,,
TX2278,50.00,27.6/16kV,Pole,NO,B,46,1993-07-01 17:24,,,
TX1110,75.00,27.6/16kV,Pole,NO,B,23,1994-04-19 16:51,,,
TX2238,100.00,16kV,Pole,NO,W,29,1998-09-01 1:12,,,
TX1380,50.00,27.6/16kV,Pole,NO,R,40,1986-06-04 18:06,,,
TX2301,75.00,27.6/16kV,Pole,NO,W,53,1996-11-25 18:58,,,
TX2491,100.00,27.6/16kV,Pole,NO,W,43,2001-10-22 19:23,,,
TX1706,50.00,27.6/16kV,Pole,NO,W,60,1991-10-01 19:27,,,
TX1069,167.00,27.6/16kV,Submersible,NO,B,25,1998-12-31 9:57,,,
TX1600,100.00,27.6/16kV,Pole,NO,R,40,2001-10-22 17:38,,,
TX1032,75.00,27.6/16kV,Pole,NO,R,18,1998-09-01 20:51,,,
TX1225,50.00,16kV,Pole,NO,R,37,1998-09-01 19:40,,,
TX1395,50.00,27.6/16kV,Pole,NO,W,32,1995-11-25 21:57,,,
TX1562,50.00,27.6/16kV,Pole,NO,B,24,1996-01-01 8:19,,,
TX1496,50.00,27.6/16kV,Pole,NO,W,58,1996-05-01 10:02,,,
TX2039,50.00,27.6/16kV,Pole,NO,R,54,1998-10-19 8:57,,,
TX1003,75.00,27.6/16kV,Pole,YES,B,39,1999-04-22 9:11,,,
TX2454,50.00,27.6/16kV,Pole,YES,W,54,1996-05-01 10:42,,,
TX1997,50.00,16kV,Pole,NO,R,32,2003-02-12 12:30,,,
TX1636,75.00,27.6/16kV,Pole,NO,W,27,1998-10-19 11:02,,,
TX2302,50.00,27.6/16kV,Pole,NO,B,44,1997-05-16 16:33,,,
TX2492,75.00,27.6/16kV,Pole,NO,R,41,1997-05-16 17:47,,,
TX2005,75.00,27.6/16kV,Pole,NO,R,25,1994-06-17 19:32,,,
TX1306,50.00,27.6/16kV,Pole,NO,W,29,1994-03-01 10:17,,,
TX1184,75.00,16kV,Pole,NO,W,50,1998-02-02 10:49,,,
TX1462,75.00,27.6/16kV,Pole,NO,W,52,1996-11-25 13:34,,,
TX2398,50.00,16kV,Pole,NO,R,37,1998-10-19 17:45,,,
TX1604,75.00,27.6/16kV,Pole,NO,R,53,1995-11-01 17:57,,,
TX2077,75.00,16kV,Pole,NO,W,17,1998-03-02 19:22,,,
TX1553,75.00,16kV,Pole,NO,W,60,1992-06-24 12:44,,,
TX2265,50.00,27.6/16kV,Pole,NO,B,30,1995-08-01 16:25,,,
TX2484,75.00,27.6/16kV,Pole,NO,B,53,1996-07-01 16:49,,,
TX1131,75.00,27.6/16kV,Pole,NO,R,16,1992-06-24 16:11,,,
TX2041,75.00,27.6/16kV,Pole,YES,B,19,1998-03-02 10:26,,,
TX1195,75.00,27.6/16kV,Pole,NO,R,41,1996-05-01 9:10,,,
TX1190,75.00,16kV,Pole,NO,B,41,1996-01-01 11:10,,,
TX2186,100.00,27.6/16kV,Building Vault,YES,B,57,2002-09-27 20:49,,,
TX1237,667.00,27.6/16kV,Submersible,NO,R,42,1986-05-14 19:23,,,
TX1102,100.00,16kV,Pole,NO,R,57,2003-02-12 12:34,,,
TX2462,50.00,27.6/16kV,Pole,NO,R,37,1992-05-12 18:13,,,
TX1842,75.00,27.6/16kV,Pole,NO,W,15,1992-05-12 18:27,,,
TX1271,50.00,27.6/16kV,Pole,NO,R,47,1998-09-01 8:51,,,
TX1129,75.00,27.6/16kV,Pole,NO,R,42,1996-11-25 21:08,,,
TX1516,100.00,27.6/16kV,Submersible,NO,R,59,2010-07-06 13:26,,,
TX1062,750.00,27.6/16kV,Pad,NO,RWB,42,2004-07-01 7:49,,,
TX1554,300.00,27.6/16kV,Pad,NO,RWB,49,2004-10-22 13:50,,,
TX1337,100.00,16kV,Submersible,NO,W,23,2001-06-01 14:04,,,
TX1183,100.00,16kV,Submersible,NO,B,23,2001-09-19 8:46,,,
TX1189,2500.00,27.6/16kV,Pad,NO,RWB,42,2004-11-30 2:14,,,
TX2358,100.00,16kV,Pole,NO,W,20,2006-06-30 16:56,,,
TX1340,300.00,13.8/8kV,Pad,NO,RWB,16,2003-01-24 0:00,,,
TX1392,167.00,8kV,Submersible,NO,R,42,2003-06-30 12:03,,,
TX2218,167.00,8kV,Submersible,NO,W,45,2003-06-30 3:04,,,
TX2334,300.00,13.8kV (delta),Submersible,NO,RWB,16,2010-11-01 12:19,,,
TX2461,750.00,13.8kV (delta),Submersible,NO,RWB,34,2010-09-06 12:56,,,
TX1543,300.00,13.8/8kV,Submersible,NO,RWB,19,2007-10-09 8:17,,,
TX2353,167.00,8kV,Submersible,NO,W,33,2009-09-17 9:27,,,
TX1489,150.00,27.6/16kV,Pad,NO,RWB,900,2005-07-01 10:05,,,
TX1787,500.00,27.6/16kV,Pad,NO,RWB,25,2004-07-14 19:22,,,
TX2104,300.00,27.6/16kV,Pad,NO,RWB,59,2008-08-16 14:52,,,
TX1280,100.00,27.6/16kV,Submersible,NO,R,31,2006-08-02 12:49,,,
TX2047,100.00,27.6/16kV,Pad,NO,R,36,2006-08-02 14:56,,,
TX2494,167.00,4.16/2.4kV,Pole,NO,R,49,2006-10-11 15:58,,,
TX1874,100.00,27.6/16kV,Pad,NO,R,41,2006-12-04 10:31,,,
TX1163,100.00,16kV,Pole,NO,R,28,2004-06-30 2:36,,,
TX1371,100.00,13.8/8kV,Pole,NO,W,47,2010-07-16 11:47,,,
TX2154,100.00,27.6/16kV,Pole,NO,W,46,2010-04-28 9:11,,,
TX2331,2000.00,13.8/8kV,Submersible,NO,RWB,18,2007-02-02 15:18,,,
TX2437,167.00,27.6/16kV,Pole,NO,R,51,2008-04-13 13:07,,,
TX1492,100.00,16kV,Pole,NO,R,24,2006-06-30 15:55,,,
TX1820,100.00,27.6/16kV,Pole,NO,W,45,2004-06-30 3:20,,,
TX1663,100.00,8kV,Pole,NO,B,31,2010-09-09 12:55,,,
TX1795,150.00,27.6/16kV,Pole,NO,B,54,2009-01-12 10:35,,,
TX1815,100.00,16kV,Pole,NO,W,44,2008-05-12 13:09,,,
TX1869,300.00,4.16/2.4kV,Pad,NO,RWB,39,2006-12-27 8:53,,,
TX2428,100.00,27.6/16kV,Pole,NO,R,28,2008-12-31 15:02,,,
TX1819,100.00,27.6/16kV,Pole,NO,R,39,2008-12-31 15:01,,,
TX1725,100.00,8kV,Pole,NO,W,18,2008-09-08 15:06,,,
TX2146,167.00,8kV,Pole,NO,B,40,2008-06-17 15:12,,,
TX2155,100.00,27.6/16kV,Submersible,NO,W,31,2008-11-01 12:29,,,
TX2395,100.00,16kV,Submersible,NO,W,23,2008-06-04 10:00,,,
TX1785,100.00,13.8/8kV,Pole,NO,W,53,2008-08-21 14:40,,,
TX2074,100.00,27.6/16kV,Submersible,NO,B,21,2008-06-10 14:22,,,
TX2338,750.00,13.8kV (delta),Submersible,NO,RWB,42,2007-08-23 7:07,,,
TX1667,50.00,27.6/16kV,Pole,NO,R,33,2005-11-12 7:45,,,
TX1745,167.00,16kV,Pole,NO,W,51,2010-05-20 8:50,,,
TX1871,100.00,8kV,Pole,NO,R,51,2008-10-16 9:08,,,
TX2267,100.00,16kV,Pole,NO,W,23,1995-08-25 10:49,,,
TX1540,750.00,13.8kV (delta),Pad,NO,RWB,54,2008-08-11 11:55,,,
TX1311,50.00,27.6/16kV,Submersible,NO,R,27,2009-01-16 12:19,,,
TX1458,50.00,27.6/16kV,Submersible,NO,W,31,2009-01-16 11:52,,,
TX2151,100.00,8kV,Pole,NO,W,17,2006-11-20 13:19,,,
TX2396,100.00,16kV,Pole,NO,W,53,2009-12-10 8:18,,,
TX1599,50.00,16kV,Pole,NO,W,59,2009-12-09 8:44,,,
TX2075,50.00,27.6/16kV,Submersible,NO,B,30,2009-01-16 12:01,,,
TX1213,50.00,27.6/16kV,Submersible,NO,B,52,2009-01-16 12:22,,,
TX1433,50.00,16kV,Submersible,NO,R,30,2007-10-05 8:42,,,
TX2268,50.00,16kV,Submersible,NO,W,26,2007-10-05 8:08,,,
TX1302,100.00,27.6/16kV,Submersible,NO,R,17,2008-03-03 14:35,,,
TX1065,500.00,27.6/16kV,Submersible,NO,W,25,1996-09-01 10:42,,,
TX2269,100.00,16kV,Submersible,NO,B,55,2008-11-09 12:12,,,
TX1845,100.00,16kV,Submersible,NO,R,41,2008-09-11 7:29,,,
TX1936,100.00,16kV,Pole,NO,B,45,2007-06-30 18:19,,,
TX2222,100.00,16kV,Pad,NO,B,33,2007-07-24 8:40,,,
TX2363,100.00,16kV,Pad,NO,W,24,2007-07-24 10:27,,,
TX1751,100.00,16kV,Pad,NO,R,56,2007-07-24 11:50,,,
TX1560,100.00,16kV,Pad,NO,R,25,2007-07-24 12:57,,,
TX1705,100.00,27.6/16kV,Pole,NO,R,35,2008-11-28 10:53,,,
TX1932,100.00,16kV,Pole,NO,R,54,2004-06-30 0:00,,,
TX1212,100.00,27.6/16kV,Submersible,NO,R,56,2009-06-09 7:52,,,
TX1031,100.00,27.6/16kV,Submersible,NO,B,17,2009-06-15 7:19,,,
TX1937,1500.00,27.6/16kV,Pad,NO,RWB,46,2008-12-04 10:19,,,
TX2135,100.00,2.4kV,Pole,NO,B,31,2008-05-12 9:28,,,
TX1570,100.00,27.6/16kV,Submersible,NO,R,46,2008-08-14 14:49,,,
TX1818,100.00,16kV,Pad,NO,W,60,2008-08-08 7:14,,,
TX2300,100.00,16kV,Submersible,NO,W,54,2012-01-17 17:28,,,
TX1308,100.00,16kV,Submersible,NO,W,54,2012-01-17 18:08,,,
TX1460,100.00,27.6/16kV,Submersible,NO,B,26,1983-12-19 13:56,,,
TX1605,100.00,27.6/16kV,Pole,NO,R,57,2008-10-28 13:54,,,
TX1214,167.00,8kV,Pole,NO,W,40,2011-10-27 0:30,,,
TX1038,167.00,8kV,Pole,NO,R,50,2009-12-10 12:01,,,
TX2138,100.00,16kV,Pole,NO,B,29,2010-01-07 13:36,,,
TX2371,100.00,27.6/16kV,Submersible,NO,R,58,2008-07-23 14:50,,,
TX1750,100.00,2.4kV,Pole,NO,B,47,2009-04-29 14:23,,,
TX1559,167.00,8kV,Pole,NO,R,28,2012-01-16 15:24,,,
TX2185,100.00,8kV,Pole,YES,W,25,2009-06-25 3:10,,,
TX2118,300.00,13.8/8kV,Pad,YES,RWB,23,2010-11-01 5:40,,,
TX1101,100.00,8kV,Pole,YES,B,19,2009-12-14 2:57,,,
TX1459,100.00,27.6/16kV,Submersible,YES,W,43,2008-11-10 14:47,,,
TX1034,1500.00,13.8/8kV,Submersible,YES,RWB,59,2009-09-09 14:15,,,
TX2263,100.00,16kV,Pole,YES,B,33,2008-04-03 11:11,,,
TX1735,167.00,8kV,Pole,NO,R,16,2009-05-01 9:13,,,
TX2144,50.00,16kV,Pole,NO,W,18,2008-04-21 13:44,,,
TX1398,50.00,16kV,Submersible,NO,W,44,2009-12-08 10:33,,,
TX2426,100.00,16kV,Submersible,NO,W,17,2009-03-25 9:13,,,
TX1816,100.00,16kV,Submersible,NO,B,58,1980-09-18 14:44,,,
TX1968,50.00,16kV,Submersible,NO,R,20,1979-05-11 9:16,,,
TX1563,167.00,8kV,Pole,NO,R,31,2008-08-22 9:59,,,
TX1661,100.00,16kV,Submersible,NO,R,26,2015-10-26 4:53,,,
TX1368,100.00,16kV,Submersible,NO,B,34,2010-07-02 13:34,,,
TX1877,100.00,16kV,Pad,NO,W,58,2009-09-30 10:37,,,
TX1700,100.00,16kV,Pad,NO,W,30,2009-09-30 10:36,,,
TX2402,750.00,27.6/16kV,Pad,NO,RWB,26,2009-12-07 11:06,,,
TX2200,,,Pole,NO,R,59,2010-09-21 22:47,,,
TX2435,100.00,16kV,Pole,NO,R,47,2010-05-19 7:38,,,
TX1644,100.00,16kV,Pad,NO,W,17,2009-11-27 15:07,,,
TX1169,167.00,2.4kV,Pole,NO,W,22,2010-04-08 11:42,,,
TX1879,167.00,16kV,Pole,NO,W,42,2010-06-03 13:34,,,
TX1701,100.00,16kV,Submersible,NO,R,43,2010-04-21 14:23,,,
TX1310,100.00,16kV,Submersible,NO,B,41,2010-04-27 7:45,,,
TX1093,1000.00,27.6/16kV,Pad,YES,RWB,49,2010-01-16 14:22,,,
TX2401,100.00,16kV,Submersible,YES,W,46,2010-05-05 7:24,,,
TX1039,100.00,16kV,Pole,YES,B,59,2010-01-12 9:45,,,
TX1435,100.00,16kV,Pole,YES,W,38,2006-06-30 5:25,,,
TX1849,100.00,16kV,Pole,NO,R,23,2010-02-08 20:28,,,
TX1274,100.00,16kV,Pole,NO,R,55,2010-05-19 7:20,,,
TX1242,100.00,16kV,Pad,NO,R,42,2010-03-26 13:16,,,
TX1930,100.00,8kV,Pole,NO,B,42,2007-07-10 10:38,,,
TX1606,100.00,8kV,Pole,NO,W,18,2007-07-10 10:34,,,
TX1064,100.00,8kV,Pole,NO,R,39,2010-05-27 13:29,,,
TX1336,100.00,8kV,Pole,NO,B,34,2010-05-27 13:30,,,
TX1132,100.00,16kV,Pole,NO,R,44,2010-05-19 11:58,,,
TX1878,100.00,16kV,Submersible,NO,W,26,2010-03-15 10:14,,,
TX1309,100.00,16kV,Submersible,NO,W,54,2010-05-12 11:45,,,
TX1068,100.00,16kV,Submersible,NO,B,42,2011-12-06 10:22,,,
TX1464,50.00,16kV,Submersible,NO,B,38,2010-03-31 7:43,,,
TX1598,50.00,16kV,Submersible,NO,R,31,2010-04-14 10:14,,,
TX1846,100.00,16kV,Pole,NO,W,37,2010-09-02 0:00,,,
TX2368,100.00,8kV,Pole,NO,R,44,2011-03-14 13:32,,,
TX1166,100.00,8kV,Pole,NO,W,58,2011-03-14 8:37,,,
TX1261,150.00,27.6/16kV,Pad,NO,RWB,53,2010-07-30 8:50,,,
TX1191,100.00,16kV,Submersible,NO,R,56,2010-11-01 8:15,,,
TX1880,1500.00,27.6/16kV,Pad,NO,RWB,35,2010-06-29 8:20,,,
TX2270,167.00,16kV,Pole,NO,B,39,2011-01-24 8:59,,,
TX1942,100.00,16kV,Pole,NO,R,28,2010-12-17 13:41,,,
TX1273,100.00,16kV,Pole,NO,R,48,2010-08-05 0:32,,,
TX1134,100.00,16kV,Pole,NO,R,23,2010-11-17 7:24,,,
TX2369,100.00,16kV,Pole,NO,W,38,2011-02-04 8:11,,,
TX1567,100.00,16kV,Pole,NO,W,50,2011-01-07 8:24,,,
TX2499,100.00,16kV,Pad,NO,W,43,2010-10-25 12:51,,,
TX2009,100.00,16kV,Pad,NO,R,26,2010-08-17 13:16,,,
TX1611,100.00,16kV,Pad,NO,R,16,2010-06-29 7:31,,,
TX2081,100.00,16kV,Submersible,NO,W,17,2010-09-13 11:29,,,
TX1358,100.00,16kV,Pole,NO,R,53,2010-11-01 7:43,,,
TX1434,50.00,16kV,Submersible,NO,R,25,2010-11-02 8:36,,,
TX1007,100.00,2.4kV,Pad,NO,R,42,2010-09-07 12:50,,,
TX2434,100.00,16kV,Submersible,NO,R,24,2010-06-30 11:30,,,
TX1641,100.00,16kV,Submersible,NO,R,52,2010-06-30 11:56,,,
TX2010,100.00,16kV,Submersible,NO,R,55,2010-06-29 12:04,,,
TX1301,100.00,16kV,Submersible,NO,B,23,2010-06-29 12:49,,,
TX1079,167.00,16kV,Pole,NO,W,29,2010-06-14 8:53,,,
TX1468,100.00,16kV,Submersible,NO,R,23,2010-08-13 7:18,,,
TX2405,100.00,16kV,Submersible,NO,W,37,2010-07-21 8:01,,,
TX1792,100.00,16kV,Submersible,NO,R,56,2010-07-21 7:53,,,
TX1609,100.00,16kV,Submersible,NO,R,56,2010-07-21 7:51,,,
TX2467,167.00,27.6/16kV,Submersible,NO,W,35,2011-02-11 19:59,,,
TX1670,100.00,16kV,Submersible,NO,W,35,2010-08-18 12:30,,,
TX1135,167.00,13.8/8kV,Pole,NO,W,31,2010-10-29 15:37,,,
TX1397,100.00,16kV,Submersible,NO,R,54,2010-08-05 10:41,,,
TX2373,100.00,16kV,Submersible,NO,R,54,2010-08-30 8:35,,,
TX1759,100.00,16kV,Submersible,NO,B,57,2010-08-30 13:40,,,
TX2044,100.00,16kV,Submersible,NO,W,45,2010-08-30 7:59,,,
TX1498,250.00,13.8/8kV,Submersible,NO,B,60,2010-09-24 9:18,,,
TX2361,100.00,16kV,Submersible,NO,B,37,2010-10-19 10:10,,,
TX2456,150.00,27.6/16kV,Pad,NO,RWB,50,2010-11-05 11:27,,,
TX1657,100.00,27.6/16kV,Pole,NO,B,41,2010-11-29 13:37,,,
TX1835,100.00,27.6/16kV,Pole,NO,W,18,2010-11-29 13:37,,,
TX2179,300.00,27.6/16kV,Pad,NO,RWB,37,2011-02-07 11:46,,,
TX1617,100.00,27.6/16kV,Pole,NO,B,40,2011-01-05 14:12,,,
TX1797,100.00,27.6/16kV,Pole,YES,W,27,2011-01-05 14:12,,,
TX2271,100.00,16kV,Submersible,YES,B,59,2010-10-19 12:56,,,
TX2470,100.00,16kV,Submersible,NO,R,60,2010-10-20 13:12,,,
TX1848,100.00,16kV,Submersible,NO,R,45,2010-10-20 13:44,,,
TX1939,100.00,16kV,Submersible,NO,B,27,2010-10-26 8:23,,,
TX1275,100.00,16kV,Submersible,NO,R,25,2010-10-27 9:18,,,
TX1399,100.00,16kV,Submersible,NO,B,34,2010-10-27 9:54,,,
TX1646,100.00,16kV,Submersible,NO,B,39,2010-11-02 7:39,,,
TX1971,100.00,16kV,Submersible,NO,W,34,2010-11-09 7:01,,,
TX1106,100.00,16kV,Submersible,NO,B,60,2010-11-03 9:02,,,
TX1704,100.00,16kV,Submersible,NO,W,35,2010-11-10 14:19,,,
TX2011,100.00,16kV,Submersible,NO,W,37,2010-11-10 7:41,,,
TX1469,100.00,16kV,Submersible,NO,W,24,2010-12-04 12:45,,,
TX2156,100.00,16kV,Submersible,NO,R,27,2010-11-27 9:32,,,
TX2406,100.00,16kV,Submersible,YES,W,35,2010-12-06 14:12,,,
TX2082,100.00,16kV,Submersible,YES,R,49,2016-11-22 6:06,,,
TX1211,100.00,16kV,Submersible,YES,R,36,2011-06-03 8:10,,,
TX1673,100.00,16kV,Submersible,YES,B,49,2010-11-16 11:20,,,
TX2233,100.00,27.6/16kV,Submersible,YES,W,59,2011-02-09 15:04,,,
TX2374,100.00,16kV,Submersible,NO,B,53,2010-11-16 14:37,,,
TX1748,100.00,27.6/16kV,Submersible,NO,W,48,2010-11-11 3:02,,,
TX2045,100.00,27.6/16kV,Submersible,NO,W,51,2010-12-20 4:29,,,
TX2129,167.00,16kV,Pole,NO,B,50,2011-02-24 14:17,,,
TX2013,167.00,8kV,Pole,NO,R,34,2013-09-23 14:33,,,
TX1491,100.00,16kV,Pole,NO,W,15,2011-03-30 9:15,,,
TX2157,100.00,16kV,Pole,NO,W,56,2011-03-29 19:09,,,
TX2403,100.00,16kV,Pad,NO,W,28,2016-06-14 3:11,,,
TX1794,100.00,8kV,Pole,YES,R,35,2013-09-23 19:56,,,
TX1612,167.00,8kV,Pole,YES,W,50,2013-09-23 4:14,,,
TX2083,100.00,16kV,Pole,YES,W,50,2011-03-27 17:31,,,
TX1546,100.00,16kV,Pole,YES,W,24,2010-12-05 18:59,,,
TX2273,100.00,27.6/16kV,Pole,YES,B,48,2011-03-20 19:54,,,
TX2468,100.00,27.6/16kV,Submersible,YES,W,47,1975-08-21 8:38,,,
TX1276,100.00,16kV,Pole,YES,B,48,2011-02-25 13:56,,,
TX1136,100.00,16kV,Pole,YES,B,49,2011-04-14 16:45,,,
TX2221,100.00,16kV,Pole,YES,R,29,2011-01-10 20:37,,,
TX1569,50.00,16kV,Pole,YES,R,18,2011-06-15 19:24,,,
TX1197,100.00,16kV,Pole,YES,W,52,2011-02-12 1:25,,,
TX1175,100.00,8kV,Pole,NO,B,26,2011-03-14 14:08,,,
TX1497,50.00,16kV,Submersible,NO,W,34,2011-07-11 14:17,,,
TX2192,100.00,16kV,Pole,NO,R,38,2011-02-12 2:24,,,
TX2436,50.00,16kV,Submersible,NO,R,36,2011-07-12 11:37,,,
TX1922,100.00,16kV,Pole,NO,R,32,2011-06-16 12:22,,,
TX1643,50.00,16kV,Submersible,YES,R,650,2011-07-11 17:30,,,
TX1243,100.00,16kV,Pole,YES,B,19,2011-06-20 8:08,,,
TX2303,100.00,16kV,Pole,YES,W,60,2011-05-03 3:23,,,
TX1884,100.00,16kv,Pole,YES,B,58,2011-03-22 12:01,,,
TX1703,100.00,16kv,Pole,YES,B,43,2011-11-14 11:01,,,
TX2004,167.00,8kV,Pole,YES,R,33,2011-10-13 17:22,,,
TX1813,100.00,16KV,Pole,YES,R,50,2011-06-10 19:18,,,
TX1615,100.00,16KV,Pole,YES,R,48,2011-06-11 9:09,,,
TX2084,100.00,16kV,Pole,YES,W,45,2011-12-05 12:20,,,
TX1216,100.00,16kV,Pole,NO,R,650,2011-05-09 11:44,,,
TX2274,100.00,16kV,Pole,NO,R,32,2010-12-03 1:49,,,
TX2483,100.00,16kV,Pole,NO,B,55,2011-05-26 4:56,,,
TX1858,100.00,16kV,Pole,NO,R,37,2010-12-03 6:58,,,
TX1687,100.00,16kV,Pole,NO,B,59,2011-05-26 11:07,,,
TX1947,100.00,16kV,Pole,NO,W,23,2011-04-04 17:40,,,
TX1401,100.00,8kV,Pole,NO,R,59,2011-07-21 19:10,,,
TX2235,100.00,16kV,Pole,NO,W,50,2012-05-18 17:29,,,
TX2362,100.00,8kV,Pole,NO,B,49,2011-10-12 10:15,,,
TX1763,50.00,16kV,Pole,NO,W,16,2010-12-03 4:42,,,
TX2046,100.00,16kV,Pole,NO,R,31,2010-12-03 6:49,,,
TX1008,50.00,27.6/16kV,Pole,NO,W,44,2010-09-15 7:50,,,
TX2439,2000.00,13.8/8kV,Submersible,NO,RWB,21,2000-03-15 11:41,,,
TX1250,50.00,16kV,Pole,NO,R,43,2010-12-03 5:59,,,
TX1108,100.00,16kV,Pad,NO,W,46,2013-08-20 1:13,,,
TX2012,50.00,16kV,Submersible,NO,W,60,2010-10-25 9:10,,,
TX2142,50.00,16kV,Submersible,NO,B,60,2011-07-08 4:57,,,
TX1074,100.00,27.6/16kV,Submersible,NO,B,35,2011-05-16 1:15,,,
TX2159,100.00,8kV,Pole,NO,B,34,2014-01-09 11:08,,,
TX2407,100.00,27.6/16kV,Submersible,NO,B,60,2011-03-28 11:04,,,
TX1137,100.00,16kV,Pole,NO,R,20,2013-07-08 13:47,,,
TX1547,100.00,16kV,Pole,NO,W,48,2013-07-08 18:43,,,
TX2227,100.00,16kV,Pole,NO,W,44,2012-11-25 19:35,,,
TX1760,100.00,16kV,Pole,NO,B,59,2012-11-18 17:19,,,
TX1571,100.00,16kV,Pole,NO,B,45,2012-11-18 17:26,,,
TX1022,100.00,16kV,Pad,NO,B,48,2014-03-26 5:09,,,
TX2095,167.00,8kV,Pole,NO,B,25,2014-01-09 1:24,,,
TX1499,167.00,16kV,Pole,NO,R,34,2013-07-08 11:33,,,
TX2193,100.00,16kV,Pole,YES,B,24,2011-09-07 13:02,,,
TX1180,100.00,16kV,Pole,YES,B,43,2011-05-11 10:38,,,
TX1378,50.00,16kV,Pole,YES,R,41,2011-04-26 12:28,,,
TX2308,100.00,16kV,Pole,YES,R,59,2011-06-06 10:37,,,
TX1882,100.00,16kV,Pole,YES,R,31,2011-06-08 8:40,,,
TX2014,50.00,13.8/8kV,Pole,YES,R,23,2011-08-15 18:19,,,
TX1470,50.00,27.6/16kV,Pole,YES,B,56,2011-06-15 14:18,,,
TX1948,167.00,27.6/16kV,Pole,YES,R,47,2011-06-16 9:36,,,
TX2160,750.00,27.6/16kV,Pad,YES,RWB,15,2011-03-24 13:22,,,
TX2292,100.00,16kV,Submersible,NO,B,25,2012-11-01 17:44,,,
TX1690,100.00,16kV,Submersible,NO,B,31,2012-11-01 17:28,,,
TX1403,250.00,13.8/8kV,Pad,NO,R,37,2011-08-25 14:18,,,
TX2236,100.00,16kV,Pole,NO,W,37,2011-03-03 17:23,,,
TX2375,100.00,16kV,Pole,NO,R,49,2011-02-28 23:44,,,
TX1572,100.00,16kV,Pole,NO,R,45,2011-02-28 23:58,,,
TX2131,100.00,16kV,Pole,NO,R,40,2011-03-25 12:52,,,
TX1009,100.00,16kV,Pole,NO,B,48,2011-03-11 15:22,,,
TX1504,100.00,16kV,Pole,NO,W,26,2011-01-02 18:30,,,
TX2349,100.00,16kV,Pole,NO,W,53,2011-02-15 12:40,,,
TX1827,100.00,16kV,Pole,NO,R,28,2011-02-25 19:22,,,
TX1737,3000.00,13.8/8kV,Submersible,NO,RWB,30,2005-06-06 11:15,,,
TX2132,100.00,16kV,Pole,NO,W,35,2011-03-09 19:19,,,
TX1109,100.00,16kV,Pole,NO,W,40,2015-03-29 5:54,,,
TX1548,100.00,16kV,Pole,NO,R,37,2011-03-22 17:03,,,
TX2320,1000.00,13.8/8kV,Building Vault,NO,RWB,17,2012-03-19 11:30,,,
TX1312,100.00,16kV,Pole,NO,R,39,2010-05-17 19:27,,,
TX2175,50.00,16kV,Submersible,NO,B,36,2012-07-18 15:56,,,
TX1796,100.00,16kV,Pole,NO,R,25,2011-09-11 12:04,,,
TX1040,750.00,13.8/8kV,Building Vault,NO,RWB,21,2007-02-20 9:16,,,
TX1677,500.00,13.8/8kV,Submersible,NO,RWB,36,2005-09-22 10:19,,,
TX1944,2500.00,13.8/8kV,Submersible,NO,RWB,27,2009-08-01 15:21,,,
TX1278,100.00,16kV,Pad,NO,W,25,2012-08-17 12:30,,,
TX1141,100.00,16kV,Pole,NO,B,40,2011-06-28 5:49,,,
TX1422,50.00,16kV,Submersible,NO,R,37,2012-07-18 16:51,,,
TX2237,50.00,16kV,Submersible,NO,R,20,2012-07-18 17:20,,,
TX2377,50.00,16kV,Submersible,NO,R,29,2012-07-18 17:30,,,
TX1761,100.00,16kV,Pole,NO,W,26,2011-03-30 11:02,,,
TX2048,100.00,16kV,Pole,NO,W,25,2011-03-30 13:31,,,
TX2440,100.00,16kV,Pole,NO,B,41,2011-03-18 7:51,,,
TX1647,100.00,16kV,Pole,NO,W,16,2011-03-18 7:30,,,
TX1974,50.00,16kV,Pole,NO,B,37,2011-08-18 11:55,,,
TX1244,100.00,16kV,Pole,NO,B,22,2011-03-22 19:01,,,
TX1107,750.00,27.6/16kV,Pad,NO,RWB,60,2011-10-04 14:21,,,
TX2016,100.00,16kV,Pole,NO,R,26,2011-07-07 15:16,,,
TX1084,167.00,16kV,Submersible,NO,R,44,2011-03-27 0:35,,,
TX1614,1500.00,27.6/16kV,Pad,NO,RWB,48,2011-08-19 18:12,,,
TX2244,50.00,27.6/16kV,Pole,NO,B,58,2011-07-05 10:52,,,
TX2293,100.00,16kV,Pole,NO,B,26,2011-08-23 12:04,,,
TX1279,167.00,16kV,Pole,NO,R,15,2011-06-01 13:53,,,
TX1140,100.00,16kV,Pole,NO,W,30,2011-08-22 6:05,,,
TX2376,100.00,27.6/16kV,Pole,NO,B,26,2011-08-08 1:40,,,
TX1545,100.00,16kV,Submersible,NO,RWB,39,2011-10-27 5:10,,,
TX2191,150.00,27.6/16kV,Pad,NO,RWB,53,2011-08-08 2:56,,,
TX1828,100.00,16kV,Pad,NO,B,20,2013-07-19 12:56,,,
TX2322,100.00,16kV,Pole,NO,R,15,2011-11-17 18:19,,,
TX2015,50.00,16kV,Submersible,NO,B,33,2013-04-04 16:30,,,
TX1075,100.00,16kV,Pad,NO,R,30,2011-02-17 6:43,,,
TX1471,100.00,27.6/16kV,Pole,NO,W,41,2011-12-06 1:07,,,
TX2162,50.00,16kV,Submersible,NO,B,43,2013-04-04 16:06,,,
TX2085,100.00,16kV,Pole,NO,W,26,2011-06-27 23:01,,,
TX1217,100.00,27.6/16kV,Pole,NO,B,32,2011-07-15 8:34,,,
TX2332,100.00,8kV,Pole,NO,B,47,2010-10-15 11:02,,,
TX1143,100.00,16kV,Pole,NO,R,39,2012-07-09 5:08,,,
TX2049,100.00,13.8/8kV,Pole,NO,B,56,2011-09-29 3:19,,,
TX1198,100.00,16kV,Pad,NO,R,19,2011-10-11 5:21,,,
TX1500,100.00,16kV,Pole,NO,W,16,2011-09-16 9:14,,,
TX1245,100.00,27.6/16kV,Submersible,NO,R,33,2012-09-17 17:51,,,
TX1790,1500.00,27.6/16kV,Submersible,NO,RWB,34,2011-08-25 13:17,,,
TX2087,100.00,16kV,Pole,NO,R,28,2011-07-11 2:37,,,
TX1215,1500.00,13.8/8kV,Submersible,NO,RWB,33,2009-08-23 15:28,,,
TX1043,100.00,27.6/16kV,Submersible,NO,B,23,2013-08-26 18:30,,,
TX2279,100.00,16kV,Pole,NO,R,34,2011-12-07 14:38,,,
TX1694,167.00,8kV,Pole,NO,W,45,2012-03-19 3:48,,,
TX2133,100.00,16kV,Pole,NO,B,43,2011-12-20 11:11,,,
TX1360,50.00,16kV,Pole,NO,W,50,2011-12-20 15:05,,,
TX1160,1250.00,13.8/8kV,Submersible,NO,RWB,35,2010-10-04 10:33,,,
TX2455,100.00,16kV,Pole,NO,B,55,2017-11-07 6:00,,,
TX1886,100.00,16kV,Pole,NO,B,37,2012-11-01 14:04,,,
TX1707,100.00,16kV,Pole,NO,B,58,2012-11-01 11:53,,,
TX1188,100.00,16kV,Pole,NO,W,35,2012-11-01 13:01,,,
TX1076,100.00,16kV,Pole,NO,R,40,2012-12-17 21:53,,,
TX1472,100.00,16kV,Pole,NO,B,43,2012-12-17 16:28,,,
TX2088,100.00,27.6/16kV,Pole,YES,W,17,2011-12-14 11:12,,,
TX2178,100.00,16kV,Pole,YES,B,16,2017-11-07 10:34,,,
TX1619,100.00,16kV,Submersible,YES,B,16,2012-12-06 5:38,,,
TX1230,100.00,16kV,Pole,YES,B,37,2017-11-07 10:21,,,
TX2296,100.00,16kV,Pole,YES,R,34,2017-11-07 9:56,,,
TX1945,100.00,16kV,Pole,YES,W,60,2013-03-26 6:32,,,
TX1144,100.00,16kV,Pole,YES,R,42,2012-10-10 12:53,,,
TX1575,150.00,27.6/16kV,Pad,NO,RWB,34,2013-06-27 11:35,,,
TX2443,100.00,16kV,Pole,NO,W,15,2011-12-12 7:52,,,
TX1651,100.00,16kV,Pole,NO,B,950,2011-12-12 1:27,,,
TX2309,100.00,16kV,Pole,NO,W,59,2012-01-26 12:07,,,
TX1695,100.00,16kV,Submersible,NO,R,42,2013-02-01 15:03,,,
TX2091,750.00,13.8/8kV,Pad,NO,RWB,54,2014-02-08 1:34,,,
TX1281,50.00,16kV,Submersible,YES,R,52,2012-05-23 7:59,,,
TX1404,100.00,16kV,Submersible,YES,W,24,2012-04-17 13:06,,,
TX1017,100.00,16kV,Pole,YES,W,18,2013-03-05 12:04,,,
TX2194,100.00,16kV,Pole,YES,W,34,2013-04-30 17:09,,,
TX1648,100.00,16kV,Pad,YES,B,34,2013-12-10 11:47,,,
TX1247,100.00,16kV,Pole,YES,R,20,2013-03-21 2:51,,,
TX1715,100.00,16kV,Pad,NO,R,52,2012-08-22 14:59,,,
TX1316,100.00,16kV,Pad,NO,R,35,2013-12-09 15:17,,,
TX1078,100.00,16kV,Pad,NO,R,58,2013-12-09 14:32,,,
TX2158,750.00,27.6/16kV,Pad,NO,RWB,50,2012-03-30 11:53,,,
TX2408,100.00,16kV,Pole,NO,B,54,2012-11-29 19:52,,,
TX1438,250.00,27.6/16kV,Building Vault,NO,R,26,2012-07-07 6:23,,,
TX1146,500.00,13.8kV (delta),Submersible,NO,RWB,45,2012-12-01 11:13,,,
TX2229,100.00,16kV,Pole,NO,B,54,2015-03-16 8:38,,,
TX2372,100.00,16kV,Pole,NO,R,17,2015-02-17 1:06,,,
TX1200,167.00,27.6/16kV,Pole,NO,R,26,2012-01-31 14:07,,,
TX1013,100.00,16kV,Pole,NO,W,38,2015-03-30 6:19,,,
TX2449,100.00,16kV,Pole,NO,W,21,2013-03-20 14:28,,,
TX1814,500.00,13.8/8kV,Pad,NO,RWB,51,2012-03-26 18:06,,,
TX1999,1500.00,13.8kV (delta),Submersible,NO,RWB,29,2013-11-17 17:52,,,
TX1246,100.00,16kV,Pole,NO,B,33,2013-08-19 17:22,,,
TX1802,167.00,16kV,Pad,NO,W,18,2012-05-30 11:37,,,
TX2099,100.00,16kV,Pole,NO,R,21,2013-04-07 11:20,,,
TX1867,500.00,13.8/8kV,Pad,NO,RWB,45,2012-11-08 1:54,,,
TX1286,100.00,16kV,Pole,NO,R,36,2013-04-07 14:11,,,
TX1973,1500.00,27.6/16kV,Pad,NO,RWB,24,2012-06-29 23:36,,,
TX1708,167.00,8kV,Pad,NO,B,26,2012-05-08 6:49,,,
TX1324,300.00,27.6/16kV,Pad,NO,RWB,51,2012-08-03 13:12,,,
TX2276,100.00,27.6/16kV,Pole,NO,R,55,2012-03-20 12:22,,,
TX1950,50.00,4.16/2.4kV,Pole,NO,B,35,2012-03-13 15:36,,,
TX2441,100.00,27.6/16kV,Submersible,NO,W,33,2011-10-11 15:14,,,
TX1977,167.00,27.6/16kV,Pole,NO,B,48,2013-12-05 15:25,,,
TX1317,100.00,16kV,Pole,NO,R,54,2012-07-16 12:18,,,
TX2163,100.00,16kV,Pole,NO,B,32,2012-06-26 7:00,,,
TX1809,100.00,16kV,Submersible,NO,R,58,2012-06-02 16:32,,,
TX1622,100.00,16kV,Pad,NO,B,32,2013-06-20 13:03,,,
TX2092,100.00,16kV,Pad,NO,R,34,2013-06-27 14:46,,,
TX1218,50.00,27.6/16kV,Pole,NO,W,24,2010-05-11 22:35,,,
TX1159,100.00,16kV,Submersible,NO,R,33,2012-08-10 13:21,,,
TX2242,300.00,27.6/16kV,Submersible,NO,RWB,27,2011-02-05 0:10,,,
TX1762,100.00,16kV,Pole,NO,B,38,2012-07-26 10:46,,,
TX2450,100.00,8kV,Pole,NO,R,17,2012-09-07 15:06,,,
TX1653,100.00,16kV,Pole,NO,B,22,2012-12-18 6:22,,,
TX2130,100.00,16kV,Pole,NO,W,50,2012-08-11 13:15,,,
TX1313,100.00,8kV,Submersible,NO,B,22,2012-12-08 14:09,,,
TX1474,750.00,27.6/16kV,Pad,NO,RWB,51,2012-11-13 14:15,,,
TX1788,100.00,16kV,Pole,NO,B,19,2012-09-28 19:27,,,
TX2277,100.00,16kV,Pole,NO,R,18,2012-09-27 14:12,,,
TX2471,100.00,16kV,Pole,NO,W,34,2012-11-01 18:44,,,
TX1949,500.00,27.6/16kV,Pad,NO,RWB,57,2013-01-14 16:25,,,
TX1145,100.00,16kV,Pad,NO,B,40,2012-10-17 13:56,,,
TX2051,50.00,16kV,Pole,NO,R,38,2013-08-26 14:27,,,
TX2195,150.00,27.6/16kV,Pad,NO,RWB,34,2015-01-13 2:06,,,
TX2442,100.00,16kV,Submersible,NO,W,35,2013-09-25 17:42,,,
TX1649,100.00,16kV,Submersible,NO,B,46,2013-09-26 16:19,,,
TX1115,100.00,16kV,Submersible,NO,R,19,2013-08-27 16:44,,,
TX1476,100.00,16kV,Submersible,NO,B,27,2012-10-23 14:20,,,
TX2167,1500.00,13.8kV (delta),Submersible,NO,RWB,58,2013-11-24 2:31,,,
TX2096,100.00,16kV,Pole,NO,B,52,2012-10-12 9:18,,,
TX1203,100.00,16kV,Submersible,NO,W,22,2013-10-29 12:20,,,
TX1082,100.00,16kV,Pole,NO,R,37,2013-03-11 11:05,,,
TX1051,167.00,27.6/16kV,Submersible,NO,B,50,2012-09-12 16:04,,,
TX1429,1000.00,27.6/16kV,Pad,NO,RWB,15,2013-01-19 16:23,,,
TX2287,333.00,27.6/16kV,Submersible,NO,W,47,2014-11-21 6:46,,,
TX1908,100.00,2.4kV,Pole,NO,W,31,2013-01-07 11:17,,,
TX1574,50.00,27.6/16kV,Pole,NO,R,25,2013-06-08 18:17,,,
TX1832,100.00,16kV,Pole,NO,W,32,2013-01-01 12:31,,,
TX1111,100.00,16kV,Pole,NO,B,41,2013-01-01 15:24,,,
TX1367,100.00,16kV,Submersible,NO,W,45,2013-12-03 7:39,,,
TX2304,100.00,16kV,Pole,NO,R,48,2012-12-01 14:54,,,
TX1885,100.00,16kV,Submersible,NO,B,31,2013-12-04 8:02,,,
TX1699,100.00,16kV,Pole,NO,W,16,2012-12-01 11:14,,,
TX1793,100.00,16kV,Submersible,NO,R,30,2013-12-02 0:50,,,
TX1610,100.00,16kV,Submersible,NO,R,54,2013-12-11 1:13,,,
TX2078,100.00,16kV,Pole,NO,B,60,2013-03-20 14:18,,,
TX1048,100.00,16kV,Submersible,NO,W,38,2013-12-16 2:52,,,
TX2311,167.00,2.4kV,Pole,NO,B,18,2012-11-20 17:56,,,
TX1357,167.00,16kV,Pole,NO,B,36,2013-09-01 17:06,,,
TX1918,100.00,16kV,Pole,NO,R,51,2013-03-20 22:30,,,
TX1938,100.00,2.4kV,Pad,NO,R,48,2013-04-26 16:28,,,
TX1902,100.00,16kV,Pole,NO,B,44,2013-05-25 8:08,,,
TX1558,100.00,16kV,Pad,NO,B,44,2012-12-13 23:09,,,
TX1501,100.00,16kV,Submersible,NO,W,38,2013-07-16 4:18,,,
TX1829,100.00,16kV,Pole,NO,R,19,2013-05-03 8:21,,,
TX1975,100.00,16kV,Pole,NO,R,53,2014-06-11 2:39,,,
TX1356,100.00,8kV,Pole,NO,R,52,2014-01-30 2:37,,,
TX1174,100.00,8kV,Pole,NO,W,27,2014-01-30 20:26,,,
TX1375,100.00,8kV,Pole,NO,W,28,2014-01-30 17:19,,,
TX2497,100.00,8kV,Pole,NO,R,28,2014-01-31 17:47,,,
TX2017,100.00,16kV,Pad,NO,W,53,2013-01-14 20:17,,,
TX1080,100.00,16kV,Pole,NO,B,28,2013-02-22 22:54,,,
TX2169,50.00,16kV,Pole,NO,R,21,2013-01-27 22:10,,,
TX2404,100.00,16kV,Pole,NO,B,45,2013-08-30 7:32,,,
TX1804,100.00,16kV,Submersible,NO,B,48,2013-09-10 12:06,,,
TX1625,100.00,16kV,Submersible,NO,B,37,2013-12-13 11:44,,,
TX1041,167.00,8kV,Pole,NO,B,55,2014-03-28 5:05,,,
TX2351,167.00,2.4kV,Pole,NO,B,41,2013-02-03 1:01,,,
TX1666,100.00,16kV,Submersible,NO,R,43,2013-07-17 16:48,,,
TX1964,50.00,8kV,Submersible,NO,W,35,2014-11-14 4:46,,,
TX2243,100.00,16kV,Pole,NO,W,58,2013-06-27 23:01,,,
TX2370,50.00,16kV,Building Vault,NO,R,55,2013-09-26 20:10,,,
TX1582,167.00,8kV,Pad,NO,R,40,2014-03-26 7:36,,,
TX2052,250.00,8kV,Submersible,NO,R,24,2013-03-12 10:39,,,
TX1012,167.00,16kV,Pad,NO,R,59,2013-11-18 2:30,,,
TX2197,167.00,8kV,Pole,NO,W,24,2014-01-28 13:09,,,
TX2446,100.00,8kV,Pole,NO,B,16,2014-11-05 6:50,,,
TX1834,100.00,8kV,Pole,NO,B,31,2014-11-05 3:22,,,
TX1656,100.00,8kV,Pole,NO,B,52,2014-11-05 3:16,,,
TX1982,100.00,8kV,Pole,NO,R,47,2014-09-18 8:48,,,
TX1373,100.00,16kV,Building Vault,NO,R,55,2013-02-23 1:04,,,
TX1872,100.00,16kV,Pole,NO,W,17,2015-01-12 7:10,,,
TX1099,167.00,8kV,Pole,NO,W,57,2014-01-31 19:51,,,
TX1045,100.00,16kV,Submersible,NO,W,57,2013-08-21 12:35,,,
TX2424,100.00,8kV,Pole,NO,R,44,2014-01-30 19:22,,,
TX1730,50.00,8kV,Submersible,NO,W,22,2013-03-05 9:08,,,
TX1221,1500.00,27.6/16kV,Pad,NO,RWB,24,2013-07-16 4:20,,,
TX1675,100.00,16kV,Pole,NO,W,25,2013-08-13 12:47,,,
TX1952,100.00,16kV,Pole,NO,W,60,2013-08-28 4:38,,,
TX1282,100.00,16kV,Pole,NO,W,49,2013-06-24 11:43,,,
TX1758,100.00,16kV,Pole,NO,R,56,2013-07-11 16:44,,,
TX1573,50.00,2.4kV,Pole,NO,R,700,2013-08-20 6:26,,,
TX2050,167.00,8kV,Pole,NO,W,29,2013-07-22 11:16,,,
TX1502,100.00,2.4kV,Submersible,NO,R,56,2013-03-25 22:04,,,
TX2196,100.00,16kV,Submersible,NO,B,57,2013-07-26 17:15,,,
TX1914,50.00,2.4kV,Pole,NO,R,29,2013-05-30 21:37,,,
TX1988,100.00,16kV,Pole,NO,R,33,2013-11-12 16:45,,,
TX1251,167.00,16kV,Submersible,NO,R,37,2013-10-15 14:22,,,
TX1117,100.00,16kV,Pole,NO,R,39,2013-04-09 12:18,,,
TX1372,100.00,16kV,Pole,NO,R,36,2013-11-14 16:37,,,
TX2307,100.00,16kV,Pole,NO,R,18,2013-12-17 15:25,,,
TX2019,300.00,27.6/16kV,Pad,NO,RWB,17,2013-08-06 15:33,,,
TX1318,100.00,16kV,Pole,NO,R,58,2013-11-08 14:58,,,
TX1086,100.00,16kV,Submersible,NO,B,23,2014-05-01 11:42,,,
TX1467,100.00,16kV,Submersible,NO,W,30,2014-03-14 18:46,,,
TX2410,100.00,16kV,Pole,NO,B,27,2013-08-13 2:35,,,
TX1789,100.00,16kV,Pole,NO,B,42,2013-11-12 19:26,,,
TX2090,100.00,16kV,Submersible,NO,W,48,2014-05-09 16:08,,,
TX1436,100.00,16kV,Pole,NO,B,37,2013-08-21 13:41,,,
TX2286,100.00,16kV,Pole,NO,B,19,2013-09-04 10:54,,,
TX2480,100.00,16kV,Pole,NO,B,29,2013-08-29 12:18,,,
TX1283,100.00,16kV,Pole,NO,W,17,2013-08-28 16:52,,,
TX1147,100.00,16kV,Pole,NO,R,41,2013-10-21 12:39,,,
TX2239,100.00,16kV,Pole,NO,B,58,2013-08-12 8:07,,,
TX1018,1500.00,13.8kV (delta),Submersible,NO,RWB,42,2014-04-30 12:22,,,
TX1506,150.00,27.6/16kV,Pad,NO,RWB,37,2013-11-01 1:47,,,
TX1923,100.00,16kV,Pole,NO,R,17,2012-11-12 15:44,,,
TX1978,100.00,16kV,Pole,NO,W,17,2013-08-01 7:49,,,
TX1256,50.00,27.6/16kV,Pole,NO,B,32,2013-08-08 2:04,,,
TX1114,100.00,16kV,Pole,NO,W,41,2013-08-15 1:44,,,
TX2018,100.00,16kV,Submersible,NO,W,37,2013-05-01 19:24,,,
TX1073,500.00,16kV,Building Vault,NO,B,33,2013-05-08 19:22,,,
TX2161,100.00,16kV,Pole,NO,B,46,2014-04-09 20:36,,,
TX1616,100.00,16kV,Pole,NO,R,59,2014-04-14 2:38,,,
TX1044,100.00,16kV,Building Vault,NO,R,57,2014-09-18 2:07,,,
TX1440,100.00,16kV,Building Vault,NO,W,30,2014-09-25 2:51,,,
TX2464,100.00,27.6/16kV,Pole,NO,B,25,2014-02-26 2:55,,,
TX1951,100.00,16kV,Pole,NO,R,54,2013-06-02 18:20,,,
TX1288,100.00,16kV,Pole,NO,B,30,2014-04-18 6:41,,,
TX1408,100.00,16kV,Pad,NO,R,17,2013-10-01 17:26,,,
TX2241,100.00,16kV,Pad,NO,R,17,2013-10-01 18:19,,,
TX2380,100.00,16kV,Pad,NO,W,21,2013-10-01 15:32,,,
TX1755,167.00,16kV,Pole,NO,R,55,2014-05-06 6:25,,,
TX1566,100.00,16kV,Pole,NO,R,58,2014-05-05 1:14,,,
TX2043,100.00,16kV,Pole,NO,B,55,2014-03-19 2:44,,,
TX2445,100.00,8kV,Pole,NO,W,50,2014-04-09 6:33,,,
TX1830,100.00,8kV,Pole,NO,B,47,2014-05-06 2:23,,,
TX1654,100.00,8kV,Pole,NO,B,47,2014-04-21 2:17,,,
TX1979,100.00,8kV,Pole,NO,W,57,2014-05-12 3:39,,,
TX1240,100.00,16kV,Pole,NO,B,31,2014-06-09 3:17,,,
TX1382,50.00,2.4kV,Submersible,NO,W,42,2013-04-23 11:49,,,
TX1883,500.00,13.8/8kV,Pad,NO,RWB,21,2013-09-19 16:40,,,
TX1315,100.00,16kV,Pole,NO,W,35,2014-10-17 2:03,,,
TX1234,167.00,16kV,Pole,NO,B,28,2014-06-13 5:35,,,
TX2165,300.00,27.6/16kV,Pad,NO,RWB,49,2013-10-21 12:29,,,
TX1222,100.00,16kV,Pole,NO,B,38,2014-04-28 5:53,,,
TX1439,100.00,16kV,Pole,NO,R,58,2014-03-26 3:34,,,
TX2275,50.00,16kV,Pole,NO,W,15,2014-04-10 13:53,,,
TX1852,150.00,27.6/16kV,Pad,NO,RWB,54,2013-12-19 18:55,,,
TX1679,100.00,2.4kV,Submersible,NO,R,51,2012-12-07 2:00,,,
TX1941,100.00,16kV,Pole,NO,B,21,2013-08-23 16:02,,,
TX1423,100.00,2.4kV,Building Vault,NO,B,22,2013-07-11 11:44,,,
TX2240,100.00,2.4kV,Pole,NO,R,39,2013-07-02 13:51,,,
TX1753,100.00,8kV,Pole,NO,W,36,2014-04-15 16:28,,,
TX1564,50.00,8kV,Pole,NO,R,43,2014-02-01 11:27,,,
TX2053,100.00,8kV,Pole,NO,B,45,2013-10-29 1:17,,,
TX1193,167.00,13.8kV (delta),Pole,NO,R,38,2014-12-29 2:13,,,
TX1002,100.00,2.4kV,Pole,NO,R,51,2013-07-14 16:42,,,
TX2190,50.00,8kV,Pole,NO,R,47,2014-03-05 6:11,,,
TX1821,100.00,16kV,Pole,NO,B,59,2013-09-01 12:55,,,
TX1639,100.00,16kV,Pad,NO,B,42,2013-08-15 17:55,,,
TX1980,100.00,16kV,Pole,NO,W,29,2014-05-12 7:24,,,
TX1266,100.00,8kV,Pole,NO,B,24,2014-02-06 14:40,,,
TX1104,100.00,16kV,Pole,NO,R,19,2013-09-11 12:57,,,
TX1366,100.00,16kV,Pole,NO,W,17,2014-08-20 6:11,,,
TX1042,100.00,27.6/16kV,Pole,NO,B,52,2013-10-21 2:12,,,
TX1870,50.00,16kV,Pole,NO,W,23,2013-10-22 8:36,,,
TX1710,100.00,16kV,Pole,NO,R,44,2014-08-13 4:49,,,
TX1066,100.00,16kV,Pole,NO,W,48,2014-04-14 6:46,,,
TX1478,100.00,16kV,Pole,NO,W,49,2014-06-05 4:25,,,
TX2399,100.00,2.4kV,Building Vault,NO,W,49,2013-09-17 12:22,,,
TX2073,100.00,16kV,Pole,NO,W,25,2014-09-16 7:20,,,
TX2284,100.00,16kV,Pole,NO,B,37,2012-11-05 11:25,,,
TX2475,100.00,16kV,Pole,NO,W,34,2013-09-06 14:45,,,
TX1909,167.00,8kV,Submersible,NO,B,32,2013-08-16 15:49,,,
TX1682,100.00,16kV,Pole,NO,B,38,2012-09-27 16:15,,,
TX1953,50.00,2.4kV,Submersible,NO,W,24,2013-09-20 16:52,,,
TX2220,100.00,8kV,Pole,NO,B,59,2013-11-13 15:54,,,
TX2367,100.00,16kV,Submersible,NO,R,28,2013-10-07 12:00,,,
TX1749,300.00,27.6/16kV,Pad,NO,RWB,45,2014-04-16 13:08,,,
TX1577,50.00,16kV,Pole,NO,R,18,2014-02-14 10:55,,,
TX1015,100.00,16kV,Pad,NO,R,27,2013-11-29 19:10,,,
TX2202,167.00,16kV,Pole,NO,B,28,2013-06-25 15:54,,,
TX1831,100.00,16kV,Pad,NO,R,53,2014-10-10 7:38,,,
TX1972,100.00,16kV,Pole,NO,R,55,2014-01-22 7:57,,,
TX1100,167.00,2.4kV,Submersible,NO,R,19,2013-10-22 14:54,,,
TX2495,167.00,16kV,Pole,NO,B,33,2013-09-11 11:47,,,
TX1320,100.00,16kV,Submersible,NO,W,27,2015-09-01 7:59,,,
TX1466,100.00,2.4kV,Pole,NO,R,25,2013-10-25 16:31,,,
TX2413,100.00,16kV,Pad,NO,R,36,2014-10-10 1:38,,,
TX1782,100.00,16kV,Pad,NO,R,47,2014-10-10 7:07,,,
TX2086,167.00,8kV,Pole,NO,W,32,2014-02-17 3:20,,,
TX1037,167.00,8kV,Pole,NO,R,39,2014-02-05 3:28,,,
TX1441,100.00,2.4kV,Pole,NO,R,60,2013-11-27 7:26,,,
TX2463,100.00,16kV,Pad,NO,W,31,2014-10-10 6:08,,,
TX1668,100.00,16kV,Pad,NO,W,60,2014-10-10 1:55,,,
TX1270,300.00,4.16/2.4kV,Pad,NO,RWB,29,2013-11-19 16:05,,,
TX1139,100.00,16kV,Pad,NO,W,51,2014-10-10 2:47,,,
TX1764,1500.00,27.6/16kV,Pad,NO,RWB,23,2013-12-14 13:12,,,
TX2034,100.00,16kV,Submersible,NO,R,56,2013-10-30 18:45,,,
TX1005,100.00,16kV,Submersible,NO,B,59,2014-07-11 20:11,,,
TX2430,100.00,16kV,Pole,NO,R,41,2014-10-04 12:56,,,
TX1983,100.00,16kV,Pole,YES,B,40,2014-06-11 2:27,,,
TX1252,100.00,16kV,Pole,YES,R,24,2014-03-31 17:01,,,
TX1379,50.00,16kV,Pole,YES,B,48,2014-04-07 19:51,,,
TX1888,100.00,16kV,Pole,YES,R,39,2014-09-25 16:13,,,
TX1709,100.00,16kV,Pole,YES,R,23,2014-09-14 15:59,,,
TX2020,100.00,8kV,Pole,YES,W,25,2014-02-05 3:23,,,
TX1323,333.00,16kV,Building Vault,YES,W,59,2013-01-13 15:45,,,
TX1077,100.00,16kV,Pole,YES,W,59,2014-09-08 14:06,,,
TX1620,100.00,16kV,Pole,NO,W,51,2014-08-03 5:20,,,
TX1105,50.00,16kV,Pole,NO,W,43,2014-09-22 1:25,,,
TX1057,167.00,16kV,Pole,NO,W,53,2014-02-26 12:45,,,
TX1443,100.00,16kV,Pole,NO,R,33,2014-07-27 0:37,,,
TX2283,50.00,8kV,Pole,NO,R,38,2013-12-12 15:26,,,
TX2472,167.00,16kV,Submersible,NO,B,50,2013-12-12 18:00,,,
TX1851,100.00,16kV,Pole,NO,R,16,2014-07-28 2:49,,,
TX1684,100.00,16kV,Submersible,NO,B,16,2014-10-30 8:59,,,
TX1935,100.00,8kV,Pole,NO,B,54,2013-12-12 16:16,,,
TX2234,100.00,16kV,Pole,NO,B,35,2014-05-20 6:36,,,
TX2381,100.00,16kV,Pole,NO,W,58,2015-04-23 8:51,,,
TX1768,100.00,16kV,Pole,NO,R,26,2014-03-25 9:00,,,
TX1583,100.00,16kV,Pole,NO,R,54,2014-03-27 9:20,,,
TX1209,100.00,16kV,Pole,NO,B,17,2014-11-19 2:25,,,
TX1016,100.00,16kV,Pole,NO,R,43,2014-04-14 7:00,,,
TX1150,100.00,16kV,Pole,NO,W,20,2014-12-11 2:19,,,
TX1503,100.00,16kV,Pole,NO,R,23,2014-04-09 2:43,,,
TX2207,50.00,27.6/16kV,Submersible,NO,B,35,2014-09-08 8:31,,,
TX1985,50.00,16kV,Pole,NO,B,43,2014-04-23 11:58,,,
TX2448,50.00,16kV,Pole,NO,W,55,2014-04-22 18:15,,,
TX1833,167.00,27.6/16kV,Submersible,NO,B,42,2014-09-10 8:21,,,
TX1248,50.00,16kV,Pole,NO,W,17,2014-05-09 12:35,,,
TX1381,50.00,16kV,Submersible,NO,B,31,2014-06-13 13:41,,,
TX2314,50.00,16kV,Pole,NO,B,44,2014-01-29 13:35,,,
TX1314,100.00,16kV,Pole,NO,W,60,2014-09-25 3:02,,,
TX1081,100.00,16kV,Pole,NO,W,21,2014-10-16 1:45,,,
TX1473,100.00,16kV,Pole,NO,W,43,2014-05-20 5:05,,,
TX2414,100.00,16kV,Pole,NO,R,16,2014-05-13 12:32,,,
TX1803,100.00,16kV,Pole,NO,W,56,2014-08-13 5:54,,,
TX1621,100.00,16kV,Pole,NO,R,45,2014-05-12 4:29,,,
TX2089,100.00,16kV,Pole,NO,B,53,2014-03-18 17:48,,,
TX1219,100.00,16kV,Pole,NO,R,47,2014-04-24 2:05,,,
TX1505,100.00,16kV,Pole,NO,W,46,2014-03-26 16:04,,,
TX1047,100.00,16kV,Pole,NO,R,30,2014-04-02 17:15,,,
TX1565,100.00,16kV,Pole,NO,W,40,2014-04-02 17:15,,,
TX1855,100.00,16kV,Pole,NO,W,55,2014-02-01 17:44,,,
TX1685,100.00,16kV,Pole,NO,W,54,2014-03-01 18:57,,,
TX1133,100.00,16kV,Pole,NO,W,24,2014-06-03 13:36,,,
TX1409,100.00,16kV,Pole,NO,B,26,2014-06-23 8:10,,,
TX1778,100.00,16kV,Pole,NO,B,51,2014-06-16 10:10,,,
TX1728,50.00,16kV,Submersible,NO,R,29,2014-07-31 7:10,,,
TX2042,100.00,16kV,Submersible,NO,W,39,2013-12-30 18:50,,,
TX1521,167.00,16kV,Submersible,NO,W,43,2013-06-27 8:57,,,
TX2215,100.00,16kV,Pole,NO,W,32,2014-06-09 7:18,,,
TX2444,50.00,16kV,Submersible,NO,B,27,2014-01-23 7:30,,,
TX1981,100.00,16kV,Pole,NO,W,30,2014-04-21 5:13,,,
TX1241,100.00,16kV,Pad,NO,B,50,2014-10-27 2:35,,,
TX1113,100.00,16kV,Pole,NO,B,47,2014-04-21 7:01,,,
TX1889,100.00,2.4kV,Pole,NO,B,35,2014-01-15 11:45,,,
TX1177,100.00,16kV,Submersible,NO,B,24,2014-01-27 17:23,,,
TX1227,250.00,16kV,Building Vault,NO,B,59,2016-09-21 4:42,,,
TX1454,250.00,16kV,Building Vault,NO,R,16,2016-11-23 3:24,,,
TX2486,250.00,16kV,Building Vault,NO,R,59,2017-05-29 2:02,,,
TX1678,100.00,16kV,Pad,NO,B,38,2014-10-30 12:51,,,
TX2036,100.00,16kV,Pole,NO,B,60,2014-04-09 0:32,,,
TX2201,100.00,16kV,Pole,NO,R,19,2014-08-28 4:03,,,
TX1836,100.00,16kV,Pole,NO,R,45,2014-08-28 5:28,,,
TX1026,50.00,16kV,Pole,NO,W,44,2018-09-28 5:20,,,
TX2313,50.00,16kV,Submersible,NO,B,31,2014-12-16 2:56,,,
TX1067,100.00,16kV,Pole,NO,B,35,2015-03-31 3:19,,,
TX2170,100.00,16kV,Pole,NO,R,57,2015-03-31 5:20,,,
TX2097,100.00,27.6/16kV,Pole,NO,R,38,2014-03-13 12:36,,,
TX1284,100.00,16kV,Pole,NO,B,28,2014-04-24 7:51,,,
TX1400,100.00,16kV,Pad,NO,W,18,2014-08-08 4:19,,,
TX2366,50.00,2.4kV,Pole,NO,W,59,2014-03-25 16:23,,,
TX1754,50.00,2.4kV,Pole,NO,R,56,2014-03-25 16:27,,,
TX1011,100.00,16kV,Pad,NO,B,48,2014-08-08 8:06,,,
TX2425,50.00,16kV,Pole,NO,R,16,2015-01-14 2:12,,,
TX1374,167.00,16kV,Pad,NO,R,55,2014-06-05 10:50,,,
TX2321,100.00,16kV,Submersible,NO,B,17,2014-09-17 19:37,,,
TX1876,100.00,16kV,Pole,NO,R,-100,2015-05-26 6:44,,,
TX1304,100.00,16kV,Submersible,NO,R,30,2014-07-22 6:20,,,
TX2400,50.00,16kV,Pole,NO,B,18,2014-07-03 3:49,,,
TX1800,1500.00,27.6/16kV,Pad,NO,RWB,21,2014-08-01 15:15,,,
TX2466,100.00,16kV,Submersible,NO,W,59,2014-04-11 12:59,,,
TX1672,100.00,16kV,Submersible,NO,W,19,2014-04-04 14:42,,,
TX1943,150.00,27.6/16kV,Pad,NO,RWB,42,2014-10-02 3:43,,,
TX1148,100.00,16kV,Pole,NO,W,29,2014-08-18 2:25,,,
TX1412,100.00,16kV,Pole,NO,R,59,2014-06-14 7:31,,,
TX2378,50.00,16kV,Pole,NO,W,34,2014-08-18 9:14,,,
TX1580,100.00,16kV,Pole,NO,B,59,2014-10-29 6:44,,,
TX1766,100.00,16kV,Pole,NO,W,40,2014-10-29 6:45,,,
TX2056,50.00,16kV,Pole,NO,B,54,2014-06-11 9:25,,,
TX1201,100.00,16kV,Pole,NO,R,37,2014-07-28 3:04,,,
TX1020,100.00,16kV,Pole,NO,W,16,2014-06-02 21:25,,,
TX2203,50.00,16kV,Pole,NO,R,54,2015-09-24 4:45,,,
TX1652,100.00,16kV,Pole,NO,B,58,2014-10-01 4:59,,,
TX2474,50.00,16kV,Pole,NO,W,38,2014-09-24 6:10,,,
TX1850,100.00,16kV,Pole,NO,W,30,2014-09-29 6:01,,,
TX1269,100.00,16kV,Pole,NO,W,60,2014-10-15 5:17,,,
TX1142,100.00,16kV,Pole,NO,W,44,2014-10-07 6:54,,,
TX2035,100.00,16kV,Pole,NO,R,27,2015-03-10 4:38,,,
TX1001,100.00,16kV,Pole,NO,W,18,2015-12-01 4:59,,,
TX1508,100.00,16kV,Pole,NO,R,24,2014-09-11 3:15,,,
TX2199,100.00,16kV,Pole,NO,W,24,2015-02-26 0:42,,,
TX2431,100.00,16kV,Pole,NO,B,24,2015-05-05 3:04,,,
TX1969,50.00,16kV,Pole,NO,R,35,2015-04-08 1:20,,,
TX1249,750.00,13.8kV (delta),Submersible,NO,RWB,42,2014-04-27 18:12,,,
TX1112,100.00,16kV,Pole,NO,R,38,2014-11-03 2:05,,,
TX2310,100.00,16kV,Pole,NO,B,43,2014-07-10 3:17,,,
TX2021,100.00,16kV,Pole,NO,W,56,2015-03-23 6:00,,,
TX1319,100.00,16kV,Pole,NO,W,25,2015-02-24 8:20,,,
TX1091,167.00,16kV,Pad,NO,R,40,2015-06-15 10:33,,,
TX2168,100.00,16kV,Building Vault,NO,W,48,2015-05-20 5:27,,,
TX2416,100.00,16kV,Building Vault,NO,R,25,2015-04-22 7:01,,,
TX1624,100.00,16kV,Building Vault,NO,B,28,2015-06-24 7:46,,,
TX1801,100.00,16kV,Building Vault,NO,W,21,2015-06-24 7:45,,,
TX2110,100.00,16kV,Pole,NO,W,25,2015-01-14 15:02,,,
TX1220,100.00,16kV,Submersible,NO,B,41,2014-12-03 12:25,,,
TX1437,167.00,16kV,Submersible,NO,R,36,2015-10-15 4:12,,,
TX1680,100.00,16kV,Submersible,NO,B,29,2014-12-03 12:51,,,
TX2231,167.00,16kV,Building Vault,NO,W,57,2014-09-24 0:53,,,
TX1578,100.00,16kV,Building Vault,NO,W,44,2014-09-20 1:55,,,
TX1765,100.00,16kV,Building Vault,NO,R,58,2014-09-20 1:56,,,
TX2059,50.00,16kV,Pole,NO,R,45,2015-08-18 5:52,,,
TX1206,100.00,16kV,Building Vault,NO,R,26,2014-11-04 9:26,,,
TX1494,50.00,16kV,Pole,NO,W,52,2015-07-28 4:10,,,
TX2447,500.00,16kV,Submersible,NO,B,57,2014-10-30 1:57,,,
TX1984,100.00,16kV,Pole,NO,B,43,2014-11-05 17:27,,,
TX1119,100.00,16kV,Submersible,NO,R,51,2014-05-28 2:08,,,
TX1384,100.00,16kV,Pole,NO,R,25,2014-11-22 7:53,,,
TX2022,100.00,8kV,Pole,NO,B,37,2015-07-07 14:27,,,
TX1321,100.00,16kV,Pole,NO,W,22,2014-12-08 7:46,,,
TX1486,100.00,16kV,Pole,NO,R,22,2014-10-22 9:46,,,
TX1326,50.00,8kV,Pole,NO,W,52,2015-01-05 5:10,,,
TX2171,100.00,8kV,Pole,NO,R,22,2014-11-13 3:11,,,
TX2411,250.00,16kV,Building Vault,NO,B,18,2014-07-10 11:52,,,
TX1799,100.00,16kV,Pole,NO,R,49,2014-12-01 7:11,,,
TX1630,100.00,8kV,Pole,NO,W,41,2015-07-13 4:25,,,
TX2094,100.00,8kV,Pole,NO,R,50,2015-07-07 2:21,,,
TX1053,100.00,16kV,Pole,NO,W,47,2014-09-11 1:31,,,
TX2481,100.00,8kV,Pole,NO,W,46,2015-06-29 15:30,,,
TX1955,100.00,27.6/16kV,Pole,NO,B,37,2015-07-14 5:41,,,
TX1287,100.00,8kV,Pole,NO,W,35,2014-08-26 3:06,,,
TX1149,100.00,8kV,Pole,NO,W,42,2014-11-26 9:15,,,
TX1406,100.00,16kV,Pole,NO,B,31,2014-06-15 10:53,,,
TX2230,100.00,8kV,Submersible,NO,B,45,2014-10-28 17:13,,,
TX2379,100.00,16kV,Pole,NO,B,54,2015-05-20 4:59,,,
TX1757,100.00,8kV,Submersible,NO,B,59,2014-10-28 17:23,,,
TX1579,100.00,16kV,Building Vault,NO,R,33,2014-09-29 16:40,,,
TX2060,100.00,16kV,Pole,NO,W,23,2015-05-04 6:35,,,
TX1192,100.00,16kV,Pole,NO,B,18,2015-05-12 4:31,,,
TX1004,100.00,16kV,Pole,NO,R,52,2014-12-22 8:03,,,
TX2029,50.00,16kV,Pole,NO,W,21,2014-12-18 5:41,,,
TX1303,167.00,27.6/16kV,Pole,NO,B,20,2014-07-21 12:19,,,
TX1165,100.00,16kV,Pole,NO,W,57,2014-06-22 17:31,,,
TX1482,100.00,16kV,Pole,YES,R,40,2016-04-13 1:10,,,
TX2166,100.00,16kV,Pole,YES,R,32,2016-05-04 2:08,,,
TX2417,300.00,4.16/2.4kV,Pad,YES,RWB,43,2014-10-24 17:58,,,
TX1798,100.00,16kV,Pole,NO,R,56,2016-06-01 9:00,,,
TX1623,100.00,16kV,Pole,NO,R,16,2016-06-18 8:35,,,
TX1050,100.00,16kV,Pad,NO,R,41,2015-11-30 3:24,,,
TX1444,100.00,16kV,Pole,NO,W,45,2015-04-02 5:42,,,
TX2272,100.00,16kV,Pole,NO,R,53,2014-10-24 6:47,,,
TX2469,100.00,16kV,Pole,NO,R,38,2016-03-21 8:55,,,
TX1847,100.00,16kV,Pole,NO,R,45,2016-10-19 0:38,,,
TX1674,100.00,16kV,Pole,YES,R,47,2015-10-20 0:34,,,
TX1954,100.00,16kV,Submersible,YES,B,32,2014-11-06 6:43,,,
TX1277,100.00,16kV,Pole,YES,R,54,2016-06-16 7:52,,,
TX1138,100.00,16kV,Pole,YES,R,24,2015-06-22 8:15,,,
TX1402,167.00,27.6/16kV,Building Vault,YES,B,41,2015-04-21 6:59,,,
TX2232,100.00,8kV,Pole,YES,R,60,2015-09-20 4:43,,,
TX1581,100.00,27.6/16kV,Submersible,NO,B,38,2015-05-24 4:40,,,
TX1767,100.00,27.6/16kV,Submersible,NO,W,28,2015-05-24 4:40,,,
TX2058,100.00,8kV,Pole,NO,W,30,2015-08-23 8:50,,,
TX1199,50.00,27.6/16kV,Submersible,NO,R,26,2016-05-18 2:04,,,
TX1006,100.00,27.6/16kV,Submersible,NO,B,51,2016-05-16 2:02,,,
TX1103,1500.00,13.8/8kV,Pad,NO,RWB,39,2014-09-26 13:13,,,
TX1698,167.00,16kV,Submersible,NO,B,52,2014-07-24 17:26,,,
TX1875,167.00,16kV,Submersible,NO,W,56,2014-07-24 17:26,,,
TX1477,100.00,8kV,Pole,NO,R,32,2015-04-11 8:16,,,
TX2282,100.00,16kV,Pad,NO,W,48,2014-10-08 2:28,,,
TX1676,100.00,16kV,Pole,NO,W,21,2015-02-10 5:31,,,
TX1289,100.00,16kV,Pole,NO,B,38,2015-04-08 7:27,,,
TX1407,100.00,16kV,Pole,NO,B,30,2015-04-16 5:03,,,
TX2228,300.00,27.6/16kV,Pad,NO,RWB,22,2014-09-20 10:11,,,
TX1568,250.00,16kV,Building Vault,NO,B,47,2014-08-17 15:51,,,
TX1756,250.00,16kV,Building Vault,NO,W,29,2014-08-17 15:50,,,
TX2248,100.00,16kV,Building Vault,NO,B,55,2015-01-17 1:59,,,
TX2054,167.00,16kV,Pad,NO,W,17,2015-04-28 6:27,,,
TX1014,100.00,16kV,Building Vault,NO,W,18,2014-11-11 5:17,,,
TX1823,500.00,27.6/16kV,Pad,NO,RWB,58,2014-10-20 7:13,,,
TX1642,100.00,16kV,Building Vault,NO,R,49,2014-10-31 5:03,,,
TX2003,100.00,8kV,Pole,NO,R,46,2015-07-22 3:13,,,
TX1465,50.00,16kV,Pole,NO,R,33,2015-08-26 1:41,,,
TX1618,100.00,16kV,Submersible,NO,R,26,2015-06-22 3:55,,,
TX1036,100.00,16kV,Pad,NO,B,22,2015-06-30 1:38,,,
TX2473,100.00,16kV,Pad,NO,W,27,2015-01-30 6:25,,,
TX1965,167.00,16kV,Submersible,NO,R,26,2017-11-01 2:09,,,
TX2256,150.00,27.6/16kV,Pad,NO,RWB,21,2015-04-21 4:32,,,
TX1733,167.00,8kV,Building Vault,NO,B,32,2015-09-04 16:18,,,
TX1904,167.00,8kV,Building Vault,NO,W,25,2015-09-04 16:18,,,
TX2057,100.00,8kV,Pole,NO,B,42,2014-12-22 13:28,,,
TX1196,100.00,16kV,Submersible,NO,B,47,2015-07-02 8:35,,,
TX1000,100.00,16kV,Pole,NO,W,52,2015-07-22 8:12,,,
TX1383,100.00,8kV,Pole,NO,W,20,2014-09-25 18:09,,,
TX2306,100.00,16kV,Submersible,NO,R,29,2014-10-17 16:55,,,
TX2498,100.00,2.4kV,Pole,NO,B,45,2014-11-07 17:25,,,
TX1887,50.00,2.4kV,Pole,NO,B,18,2014-11-12 17:54,,,
TX2008,100.00,16kV,Pole,NO,W,53,2015-10-19 2:38,,,
TX1325,100.00,16kV,Pole,NO,B,700,2015-12-31 0:52,,,
TX1094,100.00,16kV,Submersible,NO,W,21,2017-03-14 7:36,,,
TX2418,100.00,16kV,Pole,NO,W,33,2015-09-03 3:08,,,
TX1608,100.00,16kV,Pad,NO,B,48,2015-09-16 4:14,,,
TX1791,100.00,16kV,Pole,NO,W,49,2015-09-16 4:14,,,
TX1035,2000.00,13.8/8kV,Submersible,NO,RWB,54,2014-10-23 9:15,,,
TX1442,100.00,16kV,Pole,NO,B,36,2014-11-19 12:49,,,
TX2281,100.00,16kV,Pole,NO,B,32,2015-05-26 3:40,,,
TX1946,150.00,27.6/16kV,Pad,NO,RWB,32,2015-05-28 4:47,,,
TX1285,100.00,16kV,Pole,NO,W,56,2015-01-19 8:28,,,
TX2226,100.00,16kV,Pole,NO,B,15,2015-04-28 7:07,,,
TX1769,100.00,16kV,Pole,NO,B,19,2015-04-28 8:01,,,
TX1507,50.00,13.8/8kV,Pole,NO,R,15,2016-10-24 3:25,,,
TX2187,100.00,16kV,Pad,NO,R,41,2015-03-18 0:42,,,
TX2432,167.00,2.4kV,Submersible,NO,R,20,2014-11-23 13:08,,,
TX1824,100.00,2.4kV,Submersible,NO,B,45,2014-11-24 15:02,,,
TX1640,100.00,2.4kV,Submersible,NO,R,39,2015-09-09 7:33,,,
TX1265,100.00,16kV,Pole,NO,R,29,2015-01-06 8:14,,,
TX2305,50.00,8kV,Pole,NO,W,23,2016-01-05 4:03,,,
TX2312,167.00,16kV,Pole,NO,R,28,2015-03-17 2:57,,,
TX1322,100.00,16kV,Pole,NO,R,44,2014-10-05 11:18,,,
TX2164,50.00,16kV,Building Vault,NO,B,35,2015-02-17 6:32,,,
TX2079,100.00,16kV,Pole,NO,R,38,2015-12-06 2:53,,,
TX1210,100.00,16kV,Pole,NO,B,39,2015-02-24 7:06,,,
TX1046,100.00,16kV,Pole,NO,B,43,2015-03-03 2:25,,,
TX2264,100.00,16kV,Pole,NO,W,17,2015-05-25 5:28,,,
TX2465,100.00,16kV,Pole,NO,W,59,2015-04-28 2:28,,,
TX1671,100.00,16kV,Submersible,NO,R,27,2013-12-16 17:19,,,
TX1956,100.00,16kV,Pole,NO,B,17,2015-04-09 2:29,,,
TX1411,100.00,16kV,Pole,NO,B,58,2015-07-28 3:35,,,
TX1770,100.00,27.6/16kV,Pole,NO,B,40,2015-07-23 5:17,,,
TX2245,100.00,27.6/16kV,Pole,NO,R,43,2015-07-23 5:17,,,
TX1584,50.00,27.6/16kV,Pole,NO,W,21,2015-08-10 6:54,,,
TX2382,50.00,27.6/16kV,Pole,NO,R,37,2015-08-10 6:54,,,
TX2055,100.00,16kV,Submersible,NO,W,52,2015-07-02 8:16,,,
TX1019,100.00,27.6/16kV,Pole,NO,R,40,2015-07-28 8:19,,,
TX2213,167.00,16kV,Building Vault,NO,B,48,2016-01-05 7:18,,,
TX1992,100.00,16kV,Building Vault,NO,R,17,2016-08-12 7:46,,,
TX2327,250.00,16kV,Building Vault,NO,B,39,2017-01-16 5:35,,,
TX1719,150.00,27.6/16kV,Pad,NO,RWB,24,2016-05-03 7:18,,,
TX1480,100.00,8kV,Pole,NO,W,16,2015-06-11 6:12,,,
TX2182,100.00,8kV,Pole,NO,W,50,2015-10-13 8:31,,,
TX1272,100.00,16kV,Pole,NO,B,37,2015-10-06 5:04,,,
TX1153,100.00,8kV,Pole,NO,B,26,2016-01-13 7:01,,,
TX1419,100.00,8kV,Pole,NO,B,43,2015-11-03 6:01,,,
TX2251,100.00,8kV,Pole,NO,W,31,2015-08-25 7:47,,,
TX2065,50.00,8kV,Pole,NO,R,22,2015-09-19 9:47,,,
TX1512,100.00,8kV,Pole,NO,R,31,2015-08-31 9:41,,,
TX2429,100.00,16kV,Pole,NO,W,21,2016-06-08 7:07,,,
TX1822,100.00,16kV,Pole,NO,R,33,2016-03-09 1:34,,,
TX1637,100.00,16kV,Pole,NO,R,43,2016-08-08 9:55,,,
TX1123,100.00,16kV,Submersible,NO,R,39,2015-02-02 0:52,,,
TX1365,167.00,16kV,Building Vault,NO,W,15,2015-07-12 7:04,,,
TX2316,100.00,8kV,Pole,NO,R,32,2014-12-08 18:33,,,
TX1891,167.00,16kV,Building Vault,NO,B,24,2015-05-25 1:54,,,
TX1717,500.00,16kV,Building Vault,NO,W,18,2015-02-02 1:56,,,
TX2136,167.00,8kV,Pole,NO,W,18,2015-10-19 2:26,,,
TX1095,100.00,16kV,Pole,NO,B,27,2016-10-13 6:08,,,
TX1481,100.00,16kV,Pole,NO,B,60,2015-10-18 6:59,,,
TX2412,50.00,16kV,Pole,NO,W,60,2015-07-09 8:03,,,
TX2080,100.00,16kV,Building Vault,NO,B,24,2016-06-15 5:30,,,
TX1223,100.00,16kV,Building Vault,NO,B,23,2016-03-22 5:48,,,
TX1049,100.00,16kV,Building Vault,NO,R,36,2016-04-04 6:37,,,
TX1418,333.00,16kV,Pad,NO,W,22,2016-03-05 2:29,,,
TX2285,167.00,16kV,Pad,NO,R,47,2016-02-27 2:17,,,
TX2482,100.00,16kV,Building Vault,NO,B,19,2015-06-17 11:44,,,
TX1686,100.00,16kV,Submersible,NO,W,27,2015-06-17 11:07,,,
TX1857,100.00,16kV,Submersible,NO,R,56,2015-06-17 11:07,,,
TX2115,167.00,8kV,Submersible,NO,W,53,2015-06-17 12:22,,,
TX2247,100.00,16kV,Pole,NO,R,32,2015-05-25 1:27,,,
TX2384,100.00,16kV,Submersible,NO,B,56,2015-07-01 4:04,,,
TX1773,100.00,16kV,Pole,NO,B,58,2012-07-31 5:10,,,
TX1587,100.00,16kV,Submersible,NO,B,27,2015-05-13 7:40,,,
TX2062,100.00,16kV,Pole,NO,B,29,2015-07-07 3:12,,,
TX1998,100.00,16kV,Pole,NO,B,29,2018-01-24 7:47,,,
TX1263,100.00,16kV,Pole,YES,R,36,2018-01-29 7:16,,,
TX1391,100.00,16kV,Pole,YES,R,26,2018-02-27 7:12,,,
TX2496,100.00,16kV,Pole,YES,R,45,2015-11-21 2:53,,,
TX1881,100.00,16kV,Pole,YES,R,15,2015-11-14 8:11,,,
TX1702,50.00,16kV,Pole,YES,R,35,2015-11-14 7:15,,,
TX2024,50.00,16kV,Pole,YES,B,22,2015-12-07 9:25,,,
TX1334,50.00,16kV,Pole,YES,W,25,2018-03-25 6:37,,,
TX1178,50.00,2.4kV,Submersible,YES,B,30,2014-10-17 8:25,,,
TX1479,167.00,8kV,Pole,NO,W,55,2015-11-23 4:13,,,
TX1205,100.00,16kV,Pole,NO,W,56,2015-11-08 10:05,,,
TX2176,1000.00,27.6/16kV,Pad,NO,RWB,21,2015-07-24 7:48,,,
TX1626,50.00,2.4kV,Pole,YES,B,49,2015-04-09 9:01,,,
TX2101,50.00,2.4kV,Pole,YES,R,58,2015-06-02 7:34,,,
TX2359,100.00,16kV,Pole,YES,B,37,2015-12-22 8:30,,,
TX1844,100.00,16kV,Pad,YES,W,55,2016-01-11 4:41,,,
TX1669,100.00,16kV,Pad,YES,R,49,2016-01-11 4:53,,,
TX1413,100.00,16kV,Pole,YES,W,35,2016-04-13 10:26,,,
TX2249,100.00,16kV,Pole,YES,W,29,2015-05-28 7:07,,,
TX2385,1000.00,27.6/16kV,Pad,YES,RWB,58,2015-08-14 4:15,,,
TX1779,100.00,16kV,Pole,NO,B,16,2015-07-15 5:51,,,
TX1029,250.00,16kV,Building Vault,NO,R,44,2017-01-16 5:37,,,
TX2098,50.00,16kV,Pole,NO,W,56,2015-08-26 10:05,,,
TX1655,100.00,16kV,Pad,NO,W,31,2016-09-06 8:54,,,
TX1995,100.00,16kV,Pole,NO,R,34,2015-07-01 8:35,,,
TX1255,100.00,16kV,Pole,NO,W,50,2015-07-01 2:58,,,
TX1118,100.00,16kV,Pole,NO,W,21,2015-06-25 4:18,,,
TX1385,167.00,8kV,Pole,NO,R,25,2016-11-07 14:47,,,
TX2315,100.00,16kV,Pole,NO,B,18,2015-11-05 1:20,,,
TX1890,100.00,16kV,Pole,NO,B,17,2015-12-18 4:35,,,
TX1167,167.00,2.4kV,Pole,NO,W,48,2014-11-24 2:27,,,
TX2346,167.00,8kV,Pole,NO,W,34,2017-01-04 15:31,,,
TX1919,100.00,8kV,Pole,YES,B,22,2016-11-23 16:21,,,
TX1744,100.00,8kV,Pole,YES,B,27,2017-01-04 16:44,,,
TX2297,167.00,16kV,Building Vault,YES,R,23,2015-12-07 3:54,,,
TX2477,100.00,16kV,Pole,YES,W,19,2015-08-11 6:30,,,
TX1958,100.00,16kV,Pole,YES,B,56,2016-01-19 7:16,,,
TX1297,100.00,16kV,Building Vault,NO,R,22,2015-11-03 6:29,,,
TX2068,100.00,16kV,Submersible,NO,R,36,2017-06-29 7:00,,,
TX2206,100.00,16kV,Submersible,NO,B,16,2015-04-10 6:46,,,
TX2451,100.00,16kV,Submersible,NO,B,38,2015-12-03 8:53,,,
TX1253,500.00,16kV,Submersible,NO,B,26,2015-05-12 6:41,,,
TX1711,100.00,8kV,Building Vault,NO,R,44,2015-10-18 1:45,,,
TX2007,150.00,4.16/2.4kV,Pad,YES,RWB,58,2015-10-06 5:21,,,
TX1085,100.00,16kV,Submersible,NO,B,28,2016-06-22 5:52,,,
TX1613,167.00,16kV,Pad,NO,B,45,2016-04-07 7:08,,,
TX2100,167.00,16kV,Pad,NO,W,980,2016-04-12 8:14,,,
TX1233,100.00,16kV,Pole,YES,B,42,2015-08-17 11:43,,,
TX1291,250.00,16kV,Building Vault,NO,B,31,2016-01-19 7:44,,,
TX1854,100.00,16kV,Submersible,NO,B,40,2015-08-10 8:58,,,
TX1296,300.00,27.6/16kV,Pad,NO,RWB,33,2016-01-12 3:24,,,
TX1158,150.00,27.6/16kV,Pad,NO,RWB,36,2015-12-02 5:29,,,
TX1417,100.00,16kV,Pole,YES,B,31,2015-10-21 4:17,,,
TX2219,100.00,16kV,Pole,YES,W,51,2015-10-22 5:30,,,
TX2383,100.00,16kV,Pole,YES,B,40,2015-09-29 4:33,,,
TX1585,500.00,27.6/16kV,Building Vault,YES,W,17,2016-01-27 8:21,,,
TX1771,500.00,27.6/16kV,Building Vault,NO,R,45,2016-01-27 8:21,,,
TX1021,100.00,16kV,Pole,NO,B,41,2016-04-26 2:30,,,
TX2208,100.00,16kV,Pad,NO,R,24,2016-10-06 2:43,,,
TX2452,100.00,16kV,Pole,NO,R,31,2016-10-14 4:54,,,
TX1658,100.00,16kV,Pole,NO,B,54,2016-09-29 5:42,,,
TX1989,100.00,16kV,Pole,NO,W,44,2016-09-21 8:06,,,
TX1254,100.00,16kV,Submersible,NO,W,52,2016-10-03 7:11,,,
TX1120,100.00,16kV,Pole,NO,R,39,2016-08-31 11:49,,,
TX1377,750.00,27.6/16kV,Pad,NO,RWB,41,2015-07-08 6:24,,,
TX2323,100.00,16kV,Pole,NO,RWB,30,2015-07-23 10:07,,,
TX1726,100.00,16kV,Pad,NO,B,47,2015-10-21 3:23,,,
TX1083,500.00,16kV,Building Vault,NO,W,54,2015-03-02 4:37,,,
TX1805,167.00,16kV,Submersible,NO,R,26,2015-12-09 10:47,,,
TX1628,50.00,16kV,Submersible,NO,R,60,2017-11-21 6:49,,,
TX1859,100.00,16kV,Pad,NO,W,52,2017-08-22 4:53,,,
TX1957,167.00,16kV,Pole,NO,B,54,2015-05-11 5:35,,,
TX2225,167.00,8kV,Submersible,NO,W,15,2015-06-01 5:24,,,
TX2061,100.00,16kV,Pole,NO,R,52,2015-11-09 3:01,,,
TX1204,167.00,16kV,Pole,NO,W,22,2015-11-01 4:14,,,
TX2204,150.00,27.6/16kV,Pad,NO,RWB,37,2016-09-26 9:28,,,
TX1659,100.00,16kV,Pole,NO,R,17,2015-11-01 2:28,,,
TX1970,100.00,16kV,Pole,NO,R,44,2016-03-09 8:32,,,
TX1239,100.00,16kV,Pole,NO,B,34,2016-05-10 2:04,,,
TX1897,100.00,16kV,Pole,NO,W,49,2018-02-14 7:12,,,
TX1723,100.00,16kV,Pole,NO,R,18,2018-05-09 7:49,,,
TX2476,100.00,2.4kV,Pole,NO,W,37,2013-07-10 11:07,,,
TX1483,100.00,16kV,Submersible,NO,W,41,2016-02-04 4:24,,,
TX1231,100.00,16kV,Pole,NO,B,26,2017-11-07 2:33,,,
TX1054,300.00,27.6/16kV,Submersible,NO,RWB,59,2016-08-08 5:27,,,
TX1446,100.00,16kV,Pole,NO,B,30,2015-12-15 9:32,,,
TX1058,167.00,16kV,Building Vault,NO,B,40,2017-05-09 7:26,,,
TX1961,167.00,16kV,Building Vault,NO,B,40,2015-11-27 16:17,,,
TX1425,50.00,16kV,Pole,NO,W,15,2016-09-07 6:26,,,
TX1594,167.00,16kV,Pad,NO,W,48,2016-10-31 7:34,,,
TX1520,167.00,16kV,Pad,NO,B,22,2016-10-26 7:56,,,
TX2188,100.00,2.4kV,Submersible,NO,B,33,2014-09-17 2:24,,,
TX2433,50.00,16kV,Pole,NO,B,30,2017-01-10 5:03,,,
TX2121,500.00,13.8/8kV,Building Vault,NO,RWB,35,2018-11-28 8:45,,,
TX1532,50.00,2.4kV,Building Vault,NO,W,51,2015-11-16 8:33,,,
TX1116,100.00,16kV,Pole,NO,R,51,2015-11-17 4:58,,,
TX1376,100.00,16kV,Pole,NO,W,52,2016-05-30 1:15,,,
TX1812,100.00,2.4kV,Pole,NO,B,35,2019-04-06 5:51,,,
TX2108,100.00,16kV,Submersible,NO,R,35,2018-04-05 6:14,,,
TX1224,1500.00,27.6/16kV,Pad,NO,RWB,18,2015-12-11 3:58,,,
TX1868,1500.00,27.6/16kV,Pad,NO,RWB,21,2016-02-01 11:44,,,
TX1683,100.00,16kV,Pole,NO,R,36,2015-12-07 2:27,,,
TX1293,100.00,8kV,Pole,NO,B,32,2016-11-24 8:36,,,
TX1154,100.00,8kV,Pole,NO,W,36,2016-12-02 8:52,,,
TX1421,100.00,8kV,Pole,NO,R,15,2016-04-07 7:16,,,
TX2389,100.00,8kV,Pole,NO,W,18,2016-11-22 8:42,,,
TX1774,100.00,8kV,Pole,NO,W,49,2017-06-12 8:00,,,
TX1591,100.00,8kV,Pole,NO,W,20,2017-06-12 7:59,,,
TX1387,50.00,8kV,Building Vault,NO,W,15,2016-11-29 2:19,,,
TX1155,50.00,8kV,Building Vault,NO,W,21,2016-11-22 2:25,,,
TX1509,100.00,8kV,Submersible,NO,R,42,2016-03-03 8:34,,,
TX2453,167.00,16kV,Submersible,NO,R,47,2015-08-23 5:01,,,
TX1665,500.00,13.8/8kV,Submersible,NO,RWB,37,2016-01-28 4:47,,,
TX1987,100.00,8kV,Pole,NO,R,59,2015-07-28 4:57,,,
TX1386,250.00,16kV,Submersible,NO,B,37,2016-01-11 8:24,,,
TX1720,100.00,16kV,Building Vault,NO,B,50,2017-12-05 1:33,,,
TX1896,100.00,16kV,Building Vault,NO,W,52,2017-12-05 1:33,,,
TX2023,333.00,27.6/16kV,Building Vault,NO,R,25,2016-03-12 4:26,,,
TX1333,167.00,16kV,Building Vault,NO,B,23,2017-10-04 1:38,,,
TX2172,167.00,2.4kV,Pole,NO,R,54,2015-10-07 3:48,,,
TX1451,100.00,16kV,Pole,NO,R,47,2016-01-19 6:02,,,
TX2478,100.00,16kV,Submersible,NO,W,31,2016-05-02 7:05,,,
TX1268,167.00,16kV,Pad,NO,R,50,2016-05-30 9:07,,,
TX1185,100.00,16kV,Building Vault,NO,B,28,2021-08-17 2:31,,,
TX1533,167.00,8kV,Pole,NO,R,52,2015-07-12 6:19,,,
TX2246,100.00,8kV,Submersible,NO,R,27,2015-09-06 1:29,,,
TX1586,167.00,2.4kV,Pole,NO,W,24,2016-01-14 9:22,,,
TX1194,167.00,16kV,Submersible,NO,R,38,2016-05-02 4:57,,,
TX1550,50.00,2.4kV,Building Vault,NO,W,46,2015-11-29 9:36,,,
TX2205,50.00,8kV,Submersible,NO,R,41,2016-02-16 7:11,,,
TX2438,100.00,16kV,Pole,NO,B,16,2016-02-22 6:48,,,
TX1826,100.00,16kV,Pole,NO,B,28,2016-02-22 1:56,,,
TX1645,100.00,16kV,Pole,NO,B,42,2016-02-18 6:53,,,
TX1714,100.00,16kV,Submersible,NO,W,53,2017-05-02 14:43,,,
TX1090,100.00,16kV,Submersible,NO,W,59,2017-03-27 13:16,,,
TX1627,100.00,16kV,Pole,NO,R,56,2017-11-01 8:21,,,
TX1631,50.00,16kV,Pole,NO,B,20,2017-11-01 8:25,,,
TX1926,50.00,16kV,Pole,NO,W,44,2017-11-01 8:24,,,
TX2103,100.00,16kV,Submersible,NO,W,60,2017-03-21 13:09,,,
TX1059,100.00,16kV,Pole,NO,B,31,2016-04-25 6:20,,,
TX2289,100.00,16kV,Pad,NO,W,24,2016-07-22 5:23,,,
TX2479,100.00,16kV,Pole,NO,W,26,2016-08-02 4:49,,,
TX1853,100.00,16kV,Pole,NO,B,28,2016-06-28 7:02,,,
TX1681,100.00,16kV,Pole,NO,B,53,2016-08-08 7:20,,,
TX1290,100.00,16kV,Pad,NO,R,19,2016-08-15 5:15,,,
TX1776,100.00,16kV,Submersible,NO,W,60,2017-07-27 7:22,,,
TX1588,100.00,2.4kV,Pad,NO,W,15,2015-12-07 1:58,,,
TX2066,100.00,16kV,Submersible,NO,W,31,2017-07-19 7:44,,,
TX1207,100.00,16kV,Submersible,NO,B,23,2017-08-31 7:35,,,
TX2211,167.00,16kV,Pad,NO,W,52,2016-05-02 5:30,,,
TX1838,100.00,16kV,Pad,NO,B,720,2017-06-16 8:00,,,
TX1125,50.00,16kV,Pole,NO,B,42,2017-05-31 2:05,,,
TX2318,100.00,16kV,Submersible,NO,W,52,2016-01-26 8:24,,,
TX1892,100.00,16kV,Submersible,NO,W,50,2016-01-26 5:11,,,
TX1718,100.00,16kV,Submersible,NO,W,49,2017-11-08 7:10,,,
TX2026,100.00,16kV,Pole,NO,R,40,2016-12-08 1:24,,,
TX1330,100.00,16kV,Pole,NO,R,41,2015-11-28 6:43,,,
TX1072,100.00,16kV,Submersible,NO,B,22,2015-12-08 8:55,,,
TX1487,750.00,27.6/16kV,Pad,NO,RWB,59,2015-12-18 7:20,,,
TX2419,100.00,16kV,Pad,NO,R,26,2017-08-01 14:00,,,
TX1228,100.00,16kV,Pole,NO,B,29,2016-10-14 7:32,,,
TX1523,100.00,16kV,Building Vault,NO,W,20,2016-09-19 3:01,,,
TX1055,300.00,4.16/2.4kV,Pad,NO,RWB,20,2015-08-06 2:03,,,
TX1453,100.00,16kV,Pole,NO,B,57,2017-02-14 7:59,,,
TX1963,100.00,8kV,Submersible,NO,W,54,2016-04-19 7:33,,,
TX1292,100.00,16kV,Pole,NO,W,47,2016-08-22 1:12,,,
TX1414,100.00,2.4kV,Submersible,NO,R,33,2016-04-07 6:41,,,
TX2388,100.00,16kV,Pole,NO,B,55,2016-06-08 7:51,,,
TX1906,100.00,16kV,Pole,NO,W,26,2020-06-22 4:56,,,
TX2317,250.00,16kV,Building Vault,NO,B,30,2017-05-24 5:01,,,
TX1025,100.00,16kV,Submersible,NO,W,48,2018-04-19 5:56,,,
TX1528,100.00,16kV,Pole,NO,W,52,2020-05-05 11:11,,,
TX2210,50.00,16kV,Submersible,NO,R,29,2016-05-18 0:34,,,
TX1734,150.00,27.6/16kV,Pad,NO,RWB,58,2020-05-20 4:28,,,
TX1986,50.00,16kV,Building Vault,NO,W,47,2016-09-19 9:35,,,
TX1341,100.00,16kV,Pole,NO,W,36,2020-05-26 2:52,,,
TX1990,50.00,16kV,Pole,NO,W,17,2016-04-29 6:58,,,
TX1713,100.00,16kV,Pole,NO,W,53,2016-04-08 8:50,,,
TX2420,100.00,16kV,Pole,NO,B,22,2016-12-02 1:54,,,
TX2105,100.00,16kV,Submersible,NO,W,52,2017-09-28 3:01,,,
TX2295,167.00,2.4kV,Pole,NO,W,42,2016-05-25 4:56,,,
TX1449,100.00,16kV,Pole,NO,B,35,2016-06-20 2:28,,,
TX1538,167.00,8kV,Building Vault,NO,W,59,2020-06-22 10:54,,,
TX1537,100.00,8kV,Pad,NO,B,53,2019-05-10 7:45,,,
TX2253,100.00,16kV,Submersible,NO,B,18,2017-10-25 6:09,,,
TX2386,167.00,16kV,Pad,NO,R,60,2016-06-07 6:40,,,
TX1913,100.00,8kV,Building Vault,NO,W,28,2021-05-10 11:09,,,
TX1589,750.00,13.8/8kV,Submersible,NO,RWB,49,2016-06-01 8:37,,,
TX1027,100.00,16kV,Submersible,NO,R,24,2019-03-12 17:10,,,
TX1514,50.00,16kV,Pole,NO,B,45,2017-02-28 18:18,,,
TX1996,100.00,16kV,Pole,NO,W,21,2017-06-07 5:57,,,
TX1257,100.00,8kV,Pole,NO,R,47,2016-07-26 3:39,,,
TX1121,100.00,16kV,Submersible,NO,R,44,2016-02-01 1:50,,,
TX2319,100.00,16kV,Submersible,NO,R,38,2016-03-08 8:14,,,
TX1893,100.00,2.4kV,Pole,NO,W,34,2016-04-23 8:05,,,
TX1721,100.00,16kV,Pole,YES,R,43,2017-01-19 9:19,,,
TX1327,100.00,16kV,Pole,YES,W,28,2016-05-16 8:43,,,
TX1089,167.00,16kV,Submersible,YES,W,22,2016-03-03 4:37,,,
TX1534,100.00,8kV,Building Vault,YES,R,38,2017-11-15 3:03,,,
TX2339,300.00,13.8/8kV,Building Vault,YES,RWB,33,2019-12-12 5:10,,,
TX1629,167.00,16kV,Building Vault,NO,R,20,2017-12-10 9:13,,,
TX2123,50.00,8kV,Building Vault,NO,W,49,2018-06-28 5:43,,,
TX1052,50.00,2.4kV,Submersible,NO,R,41,2016-03-09 9:27,,,
TX1447,100.00,16kV,Pole,NO,W,20,2016-11-10 7:05,,,
TX2290,100.00,16kV,Pole,NO,B,35,2016-12-03 8:28,,,
TX2490,100.00,16kV,Submersible,NO,R,32,2018-08-01 1:45,,,
TX1856,100.00,16kV,Submersible,NO,R,19,2016-02-02 11:23,,,
TX1693,100.00,16kV,Submersible,YES,R,50,2018-08-01 1:42,,,
TX1960,100.00,16kV,Pole,YES,B,27,2016-10-25 4:20,,,
TX2257,500.00,27.6/16kV,Pad,YES,RWB,23,2017-05-18 9:09,,,
TX1590,1500.00,13.8kV (delta),Submersible,YES,RWB,28,2016-02-29 4:58,,,
TX1518,50.00,2.4kV,Building Vault,NO,B,38,2016-12-07 6:05,,,
TX2189,100.00,16kV,Submersible,NO,R,54,2016-07-18 1:43,,,
TX1361,100.00,16kV,Submersible,NO,B,16,2022-02-14 7:24,,,
TX1168,167.00,8kV,Pole,NO,W,42,2016-10-05 9:57,,,
TX1389,100.00,16kV,Pole,NO,B,60,2018-04-01 7:48,,,
TX2025,100.00,8kV,Pole,NO,W,47,2016-07-26 14:50,,,
TX1329,100.00,2.4kV,Pole,NO,W,41,2016-08-23 9:53,,,
TX1229,100.00,16kV,Pole,NO,R,33,2016-10-25 5:44,,,
TX1060,100.00,16kV,Pole,NO,W,45,2017-01-25 8:57,,,
TX2288,100.00,16kV,Pole,NO,B,23,2016-06-16 4:23,,,
TX1688,50.00,16kV,Submersible,NO,B,34,2016-06-30 14:49,,,
TX1959,750.00,27.6/16kV,Pad,NO,RWB,16,2016-11-01 6:38,,,
TX1151,100.00,16kV,Submersible,NO,R,18,2016-09-08 9:27,,,
TX1424,100.00,16kV,Submersible,NO,W,49,2016-11-11 4:57,,,
TX2252,50.00,8kV,Submersible,NO,B,29,2016-10-24 6:16,,,
TX1775,100.00,16kV,Pole,NO,W,60,2016-10-20 1:25,,,
TX2064,167.00,16kV,Submersible,NO,B,22,2016-07-28 5:35,,,
TX1420,50.00,16kV,Pole,NO,W,34,2017-03-02 12:18,,,
TX1513,100.00,16kV,Pole,NO,B,29,2017-03-31 13:36,,,
TX2342,100.00,8kV,Pole,NO,R,54,2017-04-20 3:11,,,
TX1837,50.00,16kV,Pole,NO,R,45,2017-03-03 11:25,,,
TX2128,100.00,8kV,Pole,NO,B,29,2019-12-12 8:58,,,
TX1393,300.00,13.8/8kV,Pad,NO,RWB,54,2018-11-05 12:12,,,
TX2326,50.00,16kV,Submersible,NO,R,24,2016-08-24 9:11,,,
TX1894,100.00,16kV,Submersible,NO,W,21,2015-10-18 6:55,,,
TX1716,100.00,16kV,Submersible,NO,R,35,2016-08-24 8:48,,,
TX2027,50.00,8kV,Submersible,NO,B,43,2016-10-18 7:19,,,
TX1331,50.00,2.4kV,Pole,NO,B,33,2017-11-01 8:38,,,
TX1087,100.00,16kV,Submersible,NO,B,18,2016-08-24 3:30,,,
TX1485,500.00,8kV,Submersible,NO,W,33,2016-06-02 6:51,,,
TX2174,100.00,16kV,Pad,NO,B,39,2016-12-16 6:15,,,
TX1806,2000.00,13.8kV (delta),Submersible,NO,RWB,24,2016-05-15 3:14,,,
TX2102,300.00,27.6/16kV,Pad,NO,RWB,15,2016-09-12 5:39,,,
TX1226,50.00,8kV,Submersible,NO,R,21,2016-11-09 6:03,,,
TX1056,300.00,27.6/16kV,Pad,NO,RWB,18,2017-05-04 3:53,,,
TX1531,167.00,2.4kV,Pole,NO,B,48,2016-04-06 8:36,,,
TX2298,167.00,16kV,Submersible,NO,R,17,2016-09-06 5:24,,,
TX2485,100.00,2.4kV,Submersible,NO,R,23,2016-11-03 9:24,,,
TX1860,100.00,2.4kV,Submersible,NO,B,23,2016-10-12 0:51,,,
TX1689,100.00,2.4kV,Submersible,NO,W,32,2016-10-12 0:45,,,
TX1962,50.00,2.4kV,Submersible,NO,B,21,2016-10-13 3:21,,,
TX1294,50.00,2.4kV,Submersible,NO,W,53,2016-10-31 4:34,,,
TX1152,100.00,2.4kV,Pole,NO,R,40,2017-03-10 20:14,,,
TX2250,50.00,16kV,Submersible,NO,R,29,2016-11-01 7:01,,,
TX1772,100.00,8kV,Pole,NO,B,37,2016-08-20 14:58,,,
TX2387,50.00,16kV,Submersible,NO,W,29,2016-08-18 2:41,,,
TX2214,100.00,8kV,Submersible,NO,W,31,2016-10-25 4:42,,,
TX1638,50.00,2.4kV,Submersible,NO,R,30,2015-10-29 5:31,,,
TX1991,50.00,16kV,Submersible,NO,R,34,2017-01-06 6:07,,,
TX1258,50.00,16kV,Submersible,NO,R,25,2017-01-12 8:16,,,
TX1122,50.00,16kV,Submersible,NO,W,51,2017-01-20 8:31,,,
TX1712,100.00,8kV,Pole,NO,R,48,2016-09-19 16:41,,,
TX1416,100.00,16kV,Submersible,NO,W,38,2016-09-27 5:58,,,
TX2255,100.00,16kV,Submersible,NO,B,25,2016-08-31 4:58,,,
TX2392,167.00,16kV,Submersible,NO,W,28,2016-09-06 5:19,,,
TX2177,50.00,16kV,Submersible,NO,R,32,2016-11-09 6:28,,,
TX2421,50.00,16kV,Submersible,NO,W,38,2016-11-14 4:34,,,
TX1808,100.00,16kV,Submersible,NO,B,37,2018-03-19 1:44,,,
TX1452,167.00,16kV,Submersible,NO,R,48,2016-11-18 4:11,,,
TX2291,50.00,8kV,Submersible,NO,B,29,2017-01-26 8:19,,,
TX1777,100.00,8kV,Submersible,NO,R,58,2016-01-11 8:02,,,
TX1592,50.00,8kV,Submersible,NO,R,27,2017-01-11 8:03,,,
TX1088,167.00,16kV,Submersible,NO,W,39,2016-11-21 5:25,,,
TX2458,50.00,16kV,Submersible,NO,W,53,2018-01-23 3:35,,,
TX1662,100.00,16kV,Submersible,NO,W,55,2017-11-21 3:28,,,
TX1359,500.00,16kV,Building Vault,NO,W,34,2016-09-09 2:57,,,
TX1484,100.00,8kV,Pole,NO,R,43,2016-11-07 3:30,,,
TX1448,100.00,16kV,Pole,YES,R,42,2016-12-02 14:14,,,
TX1351,100.00,16kV,Submersible,YES,B,45,2016-08-22 5:18,,,
TX1171,167.00,16kV,Submersible,NO,W,15,2016-08-17 4:17,,,
TX1208,100.00,2.4kV,Submersible,NO,R,15,2016-12-07 15:09,,,
TX1023,100.00,2.4kV,Submersible,NO,W,51,2016-11-28 15:34,,,
TX1511,50.00,2.4kV,Submersible,NO,W,56,2016-12-06 2:28,,,
TX2209,100.00,2.4kV,Submersible,NO,B,55,2016-12-13 16:31,,,
TX1551,150.00,27.6/16kV,Pad,NO,RWB,21,2021-02-01 1:45,,,
TX1450,150.00,27.6/16kV,Pad,NO,RWB,59,2017-02-15 5:53,,,
TX1691,50.00,16kV,Pole,NO,R,550,2017-10-27 8:57,,,
TX2028,150.00,27.6/16kV,Pad,NO,RWB,36,2017-06-22 5:22,,,
TX1328,250.00,16kV,Submersible,NO,W,50,2015-11-16 7:21,,,
TX1445,100.00,16kV,Submersible,NO,W,25,2017-03-02 3:41,,,
TX1415,100.00,16kV,Submersible,NO,W,37,2016-10-21 2:29,,,
TX2212,100.00,16kV,Submersible,YES,W,58,2017-05-26 6:59,,,
TX1993,100.00,16kV,Pad,YES,W,15,2017-05-10 6:14,,,
TX1259,100.00,16kV,Pad,YES,W,36,2017-05-10 6:23,,,
TX1124,100.00,16kV,Submersible,NO,B,58,2017-04-07 8:40,,,
TX1332,100.00,16kV,Submersible,NO,R,44,2017-03-22 10:07,,,
TX2173,167.00,16kV,Pole,NO,B,24,2017-04-23 5:50,,,
TX1911,2500.00,13.8/8kV,Subway,NO,RWB,23,2017-06-29 6:05,,,
TX1388,167.00,16kV,Submersible,NO,B,44,2017-03-28 8:13,,,
TX1536,100.00,16kV,Pole,NO,B,24,2020-08-01 7:13,,,
TX1097,150.00,27.6/16kV,Pad,NO,RWB,50,2017-11-21 6:57,,,
TX1527,500.00,13.8/8kV,Pad,NO,RWB,55,2017-06-23 7:15,,,
TX2117,300.00,27.6/16kV,Pad,NO,RWB,25,2020-06-22 6:43,,,
TX2116,167.00,16kV,Building Vault,NO,B,58,2017-03-23 10:18,,,
TX2336,250.00,16kV,Building Vault,NO,W,41,2017-03-23 8:34,,,
TX1807,100.00,16kV,Submersible,NO,R,36,2017-05-31 14:55,,,
TX2063,250.00,16kV,Submersible,NO,B,60,2017-02-08 3:43,,,
TX2423,167.00,16kV,Building Vault,NO,B,46,2018-07-15 6:28,,,
TX1660,250.00,16kV,Submersible,NO,W,20,2017-05-01 18:46,,,
TX1825,250.00,16kV,Submersible,NO,R,56,2017-05-01 18:46,,,
TX2180,150.00,27.6/16kV,Pad,NO,RWB,55,2018-11-25 2:14,,,
TX1510,500.00,16kV,Submersible,NO,B,48,2017-03-13 1:10,,,
TX2216,167.00,8kV,Pole,NO,B,57,2017-07-24 8:34,,,
TX2124,50.00,16kV,Pole,NO,B,41,2017-12-03 4:02,,,
TX1597,100.00,16kV,Submersible,NO,W,43,2017-06-29 9:26,,,
TX1967,1000.00,27.6/16kV,Pad,NO,RWB,59,2018-08-01 9:39,,,
TX1295,500.00,27.6/16kV,Pad,NO,RWB,48,2017-09-13 4:30,,,
TX2072,50.00,16kV,Pole,NO,W,48,2017-09-19 2:20,,,
TX2457,1500.00,27.6/16kV,Pad,NO,RWB,44,2018-07-23 3:19,,,
TX1126,50.00,8kV,Pole,NO,R,31,2018-11-19 5:55,,,
TX1526,750.00,13.8/8kV,Pad,NO,RWB,53,2017-12-15 3:46,,,
TX2107,100.00,16kV,Pole,NO,R,51,2017-11-13 2:05,,,
TX2299,100.00,16kV,Pad,NO,W,36,2018-12-18 4:52,,,
TX2487,100.00,2.4kV,Pole,NO,B,55,2017-07-06 3:22,,,
TX1866,100.00,16kV,Pad,NO,W,45,2018-12-18 4:58,,,
TX1162,100.00,16kV,Pad,NO,W,40,2018-12-18 6:24,,,
TX1724,100.00,16kV,Pole,NO,B,60,2018-12-18 3:50,,,
TX1899,100.00,16kV,Pole,NO,W,32,2018-12-18 3:49,,,
TX1515,100.00,16kV,Submersible,NO,W,27,2017-11-16 7:53,,,
TX2217,250.00,16kV,Building Vault,NO,R,35,2018-05-15 9:11,,,
TX1096,100.00,16kV,Submersible,NO,W,58,2018-02-14 2:49,,,
TX1488,100.00,16kV,Submersible,NO,W,37,2018-03-15 9:39,,,
TX2106,1500.00,27.6/16kV,Pad,NO,RWB,50,2018-01-18 10:22,,,
TX1299,300.00,27.6/16kV,Pad,NO,RWB,45,2018-10-14 6:27,,,
TX1593,100.00,16kV,Submersible,NO,R,42,2018-03-22 9:49,,,
TX2112,100.00,16kV,Submersible,NO,R,41,2017-11-29 11:06,,,
TX1517,250.00,16kV,Building Vault,NO,W,37,2018-02-02 4:37,,,
TX1901,100.00,16kV,Submersible,NO,B,52,2018-11-13 10:01,,,
TX1729,100.00,16kV,Submersible,NO,B,25,2018-11-13 9:51,,,
TX1994,50.00,16kV,Submersible,NO,B,44,2018-03-13 6:36,,,
TX1260,50.00,16kV,Submersible,NO,R,52,2018-03-12 5:16,,,
TX2422,100.00,16kV,Pole,NO,B,35,2018-02-14 7:22,,,
TX1912,100.00,16kV,Submersible,NO,B,22,2017-12-07 6:52,,,
TX1861,100.00,16kV,Pad,NO,R,35,2018-02-27 11:42,,,
TX1157,100.00,16kV,Submersible,NO,W,24,2018-03-21 7:07,,,
TX1427,100.00,16kV,Pad,NO,B,22,2018-05-17 8:48,,,
TX2254,167.00,16kV,Building Vault,NO,B,23,2018-05-27 2:49,,,
TX1024,100.00,16kV,Submersible,NO,B,54,2018-03-01 4:29,,,
TX1519,100.00,8kV,Submersible,NO,R,49,2018-03-21 5:50,,,
TX1895,100.00,8kV,Submersible,NO,W,29,2018-02-09 2:35,,,
TX1743,250.00,13.8/8kV,Subway,NO,RWB,35,2019-09-26 10:25,,,
TX1061,1000.00,27.6/16kV,Pad,NO,RWB,56,2018-08-02 5:51,,,
TX1156,100.00,2.4kV,Submersible,NO,B,21,2018-02-27 5:18,,,
TX2350,167.00,2.4kV,Submersible,NO,B,30,2018-09-10 7:06,,,
TX2125,1500.00,13.8/8kV,Building Vault,NO,RWB,35,2019-10-31 6:44,,,
TX1727,100.00,8kV,Building Vault,NO,B,50,2019-03-25 8:19,,,
TX1900,100.00,8kV,Building Vault,NO,W,15,2019-03-25 8:19,,,
TX2328,100.00,8kV,Building Vault,NO,R,16,2019-06-03 5:21,,,
TX2329,100.00,8kV,Building Vault,NO,W,60,2020-03-11 5:47,,,
TX2294,167.00,2.4kV,Building Vault,NO,W,60,2018-03-28 1:50,,,
TX1426,1500.00,27.6/16kV,Pad,NO,RWB,49,2018-10-04 9:58,,,
TX1811,100.00,8kV,Pole,NO,B,44,2019-05-01 5:35,,,
TX2070,100.00,16kV,Pad,NO,B,53,2018-07-12 7:50,,,
TX2032,100.00,8kV,Pad,NO,W,42,2018-12-13 6:32,,,
TX1335,100.00,16kV,Building Vault,NO,R,31,2018-08-07 8:46,,,
TX1232,100.00,16kV,Pole,NO,B,22,2018-07-31 7:31,,,
TX1966,167.00,16kV,Submersible,NO,R,16,2018-09-26 2:07,,,
TX1298,750.00,13.8/8kV,Pad,YES,RWB,23,2018-08-13 3:29,,,
TX2258,250.00,16kV,Building Vault,YES,B,42,2018-08-08 11:21,,,
TX2390,167.00,2.4kV,Building Vault,NO,W,35,2018-05-27 8:23,,,
TX2150,300.00,27.6/16kV,Pad,NO,RWB,15,2018-10-15 0:13,,,
TX1098,750.00,13.8/8kV,Pad,NO,RWB,22,2018-12-15 1:56,,,
TX1722,167.00,16kV,Submersible,NO,W,32,2016-03-08 7:32,,,
TX1428,300.00,27.6/16kV,Pad,NO,RWB,35,2018-12-07 7:19,,,
TX2260,167.00,16kV,Submersible,NO,R,26,2018-08-19 2:36,,,
TX1595,167.00,8kV,Submersible,NO,B,33,2018-10-10 3:25,,,
TX1780,167.00,8kV,Submersible,NO,W,52,2018-10-10 3:25,,,
TX2149,300.00,27.6/16kV,Pad,NO,RWB,49,2018-11-05 1:10,,,
TX1262,100.00,16kV,Submersible,NO,W,60,2018-09-13 4:53,,,
TX2122,150.00,16kV,Submersible,NO,R,54,2019-08-19 4:33,,,
TX1810,100.00,16kV,Submersible,NO,W,37,2018-09-12 4:41,,,
TX1347,100.00,16kV,Submersible,NO,R,29,2020-08-01 9:29,,,
TX1907,300.00,27.6/16kV,Pad,NO,RWB,34,2019-09-23 12:51,,,
TX2069,500.00,16kV,Submersible,NO,W,23,2018-08-29 6:29,,,
TX1390,333.00,16kV,Building Vault,NO,R,36,1997-10-15 3:38,,,
TX2391,100.00,8kV,Pole,NO,B,34,2018-10-14 8:01,,,
TX2325,100.00,16kV,Submersible,NO,R,23,2018-12-05 7:38,,,
TX2030,100.00,16kV,Submersible,NO,R,59,2018-12-06 4:49,,,
TX2181,100.00,16kV,Submersible,NO,W,41,2018-12-17 5:13,,,
TX1455,167.00,8kV,Pole,NO,B,31,2019-03-29 4:40,,,
TX1522,100.00,2.4kV,Pole,NO,W,57,2018-11-18 3:50,,,
TX1490,100.00,16kV,Submersible,NO,B,49,2019-02-11 5:46,,,
TX1346,2500.00,13.8/8kV,Building Vault,NO,RWB,38,2019-07-19 1:43,,,
TX1865,100.00,16kV,Pad,NO,R,35,2019-10-08 2:12,,,
TX2184,250.00,16kV,Submersible,NO,R,16,2019-09-11 4:06,,,
TX1456,333.00,8kV,Building Vault,NO,B,20,2019-05-29 1:43,,,
TX2489,100.00,16kV,Submersible,NO,W,36,2019-04-17 7:33,,,
TX1864,100.00,16kV,Submersible,NO,W,32,2019-04-18 13:30,,,
TX1692,100.00,16kV,Submersible,YES,W,28,2019-04-23 8:14,,,
TX2261,100.00,16kV,Submersible,YES,B,17,2019-07-25 3:21,,,
TX2393,100.00,16kV,Submersible,YES,B,44,2019-07-26 3:38,,,
TX1781,100.00,16kV,Submersible,YES,B,39,2019-08-07 4:20,,,
TX2127,167.00,16kV,Pole,YES,R,990,2019-09-07 3:24,,,
TX2324,100.00,2.4kV,Building Vault,NO,R,30,2015-11-04 2:22,,,
TX1898,333.00,16kV,Submersible,NO,R,44,2015-11-11 3:07,,,
TX2031,100.00,16kV,Pole,NO,B,39,2018-10-30 4:49,,,
TX2134,100.00,16kV,Submersible,NO,R,44,2019-05-30 13:24,,,
TX1348,100.00,16kV,Pad,NO,W,37,2019-11-21 11:53,,,
TX1863,100.00,16kV,Submersible,NO,R,28,2019-06-12 3:32,,,
TX2119,100.00,16kV,Submersible,NO,W,46,2020-05-13 1:42,,,
TX1342,100.00,16kV,Submersible,NO,B,58,2020-05-13 5:20,,,
TX2394,100.00,16kV,Submersible,NO,R,58,2019-09-23 6:45,,,
TX2000,100.00,16kV,Submersible,NO,W,59,2019-07-11 0:51,,,
TX2033,167.00,16kV,Pad,NO,W,29,2019-08-29 5:34,,,
TX2335,100.00,16kV,Submersible,NO,W,35,2020-03-04 5:51,,,
TX1555,1500.00,27.6/16kV,Pad,NO,RWB,24,2020-06-04 3:15,,,
TX1549,100.00,16kV,Submersible,NO,W,52,2019-08-29 3:12,,,
TX1530,100.00,16kV,Submersible,NO,R,16,2020-02-03 4:17,,,
TX1632,100.00,16kV,Submersible,NO,R,52,2019-09-11 7:07,,,
TX2109,100.00,16kV,Submersible,NO,B,37,2019-09-12 5:40,,,
TX1172,750.00,13.8/8kV,Building Vault,NO,RWB,18,2020-10-06 3:08,,,
TX1525,100.00,16kV,Submersible,NO,W,51,2020-04-19 3:12,,,
TX1742,250.00,16kV,Building Vault,NO,B,59,2021-07-22 7:33,,,
TX1028,100.00,8kV,Submersible,NO,R,50,2019-09-26 6:38,,,
TX2354,167.00,8kV,Pole,NO,B,55,2020-06-11 3:10,,,
TX1181,100.00,2.4kV,Pole,NO,W,52,2020-02-03 1:57,,,
TX2356,1000.00,27.6/16kV,Pad,NO,RWB,51,2019-12-09 8:13,,,
TX1917,100.00,16kV,Pole,NO,B,57,2020-05-19 1:15,,,
TX1355,100.00,16kV,Pad,NO,R,24,2020-09-21 3:41,,,
TX2259,50.00,16kV,Pole,NO,W,56,2019-10-06 1:56,,,
TX2071,100.00,16kV,Submersible,NO,W,17,2019-09-20 1:35,,,
TX1524,100.00,2.4kV,Submersible,NO,B,27,2019-11-09 0:59,,,
TX1931,100.00,16kV,Submersible,NO,B,49,2019-11-09 8:35,,,
TX1264,100.00,16kV,Building Vault,NO,B,60,2019-05-30 4:17,,,
TX2341,167.00,8kV,Pole,YES,W,43,2020-11-09 9:54,,,
TX2183,100.00,16kV,Submersible,YES,R,57,2019-11-26 6:54,,,
TX1063,100.00,16kV,Submersible,YES,B,15,2019-06-27 2:18,,,
TX2120,100.00,16kV,Submersible,NO,B,17,2020-09-04 7:10,,,
TX1344,100.00,16kV,Submersible,NO,R,25,2020-08-20 4:59,,,
TX1161,100.00,16kV,Submersible,NO,R,21,2019-12-02 7:36,,,
TX2114,100.00,16kV,Pole,NO,B,32,2020-04-27 5:27,,,
TX1030,100.00,16kV,Submersible,NO,B,28,2019-11-06 2:16,,,
TX2460,167.00,16kV,Submersible,NO,W,49,2019-11-28 3:02,,,
TX1664,100.00,8kV,Submersible,NO,B,50,2019-11-28 5:09,,,
TX1839,100.00,8kV,Submersible,NO,W,50,2019-11-28 5:09,,,
TX1127,100.00,16kV,Submersible,NO,B,35,2019-05-09 5:34,,,
TX1905,100.00,16kV,Submersible,NO,R,21,2020-09-12 6:00,,,
TX2001,167.00,16kV,Submersible,NO,W,51,2020-02-05 6:08,,,
TX1267,100.00,16kV,Submersible,NO,R,55,2020-03-05 13:45,,,
TX1394,167.00,16kV,Submersible,NO,R,24,2020-03-11 13:26,,,
TX1916,100.00,16kV,Submersible,NO,B,27,2021-09-02 8:31,,,
TX1740,100.00,16kV,Submersible,NO,B,38,2021-07-13 8:32,,,
TX1457,167.00,16kV,Submersible,NO,B,38,2019-12-12 15:35,,,
TX2330,100.00,16kV,Submersible,NO,R,33,2020-07-07 2:01,,,
TX2262,50.00,16kV,Building Vault,NO,W,53,2020-02-03 12:02,,,
TX1731,100.00,16kV,Submersible,NO,W,15,2020-07-16 12:29,,,
TX1493,100.00,16kV,Submersible,NO,B,31,2020-05-07 14:07,,,
TX2345,100.00,2.4kV,Pole,NO,B,52,2020-05-21 11:45,,,
TX2340,100.00,16kV,Submersible,NO,R,51,2020-06-05 2:09,,,
TX1128,333.00,16kV,Submersible,NO,B,23,2020-04-29 3:19,,,
TX2002,100.00,16kV,Submersible,NO,B,37,2020-06-09 10:35,,,
TX1186,500.00,27.6/16kV,Pad,NO,RWB,39,2021-01-20 2:46,,,
TX1362,50.00,16kV,Pole,NO,W,19,2021-06-22 8:02,,,
TX1541,167.00,16kV,Pole,NO,R,21,2020-09-15 11:47,,,
TX1596,100.00,16kV,Submersible,NO,W,29,2020-06-10 9:44,,,
TX1840,100.00,2.4kV,Submersible,NO,B,20,2020-03-04 11:22,,,
TX1343,100.00,16kV,Submersible,NO,W,40,2020-06-24 12:15,,,
TX1542,150.00,27.6/16kV,Pad,YES,RWB,31,2021-06-05 2:27,,,
TX2126,100.00,16kV,Pad,YES,B,37,2021-07-28 1:48,,,
TX1903,100.00,16kV,Submersible,NO,R,15,2020-07-03 9:30,,,
TX1529,100.00,8kV,Submersible,NO,R,15,2020-07-29 3:40,,,
TX1732,50.00,16kV,Submersible,NO,B,60,2020-08-19 10:51,,,
TX1345,250.00,16kV,Building Vault,YES,B,45,2020-10-29 11:57,,,
TX1557,1500.00,27.6/16kV,Pad,YES,RWB,36,2021-02-18 5:01,,,
TX2337,100.00,16kV,Submersible,NO,R,28,2020-09-14 4:12,,,
TX2148,167.00,16kV,Pole,NO,R,32,2021-12-06 3:17,,,
TX2113,100.00,16kV,Submersible,YES,B,28,2020-09-15 9:01,,,
TX1354,100.00,16kV,Submersible,NO,R,54,2021-09-24 8:22,,,
TX1544,100.00,16kV,Submersible,NO,R,56,2021-09-08 8:39,,,
TX1173,500.00,4.16/2.4kV,Pad,NO,RWB,56,2021-04-18 10:53,,,
TX1539,100.00,16kV,Submersible,NO,B,49,2021-06-04 6:38,,,
TX1364,167.00,16kV,Pole,NO,W,27,2021-01-05 7:08,,,
TX1339,250.00,16kV,Submersible,NO,W,57,2020-10-03 14:40,,,
TX2333,100.00,16kV,Submersible,NO,W,33,2020-07-23 13:20,,,
TX1349,100.00,16kV,Submersible,NO,W,33,2020-12-02 5:23,,,
TX1910,100.00,8kV,Submersible,NO,B,41,2020-12-06 3:23,,,
TX1928,167.00,16kV,Pole,YES,B,52,2021-03-11 1:59,,,
TX1736,50.00,16kV,Submersible,YES,R,29,2019-10-26 15:47,,,
TX1352,167.00,16kV,Submersible,YES,B,46,2021-01-27 11:30,,,
TX1747,100.00,16kV,Pole,NO,B,32,2021-03-29 1:34,,,
TX1927,100.00,16kV,Pole,NO,W,50,2021-03-29 1:31,,,
TX1925,167.00,16kV,Submersible,NO,R,56,2021-07-27 5:24,,,
TX1921,100.00,16kV,Submersible,NO,R,35,2021-08-25 10:12,,,
TX1741,150.00,27.6/16kV,Pad,YES,RWB,47,2021-10-27 10:36,,,
TX1535,333.00,16kV,Building Vault,NO,W,41,2020-12-06 11:03,,,
TX1924,750.00,27.6/16kV,Pad,NO,RWB,35,2021-08-06 4:42,,,
TX1746,1500.00,27.6/16kV,Pad,NO,RWB,16,2022-03-16 1:34,,,
TX1350,100.00,16kV,Submersible,NO,W,59,2020-06-09 13:54,,,
TX1170,100.00,16kV,Submersible,YES,W,37,2021-03-30 7:41,,,
TX2360,100.00,16kV,Submersible,NO,W,60,2021-07-07 2:59,,,
TX1934,100.00,16kV,Pad,NO,W,36,2021-10-06 2:51,,,
TX1176,100.00,16kV,Submersible,NO,W,38,2021-08-24 7:04,,,
TX1182,50.00,16kV,Building Vault,YES,B,59,2021-11-14 5:32,,,
TX2347,300.00,27.6/16kV,Pad,YES,RWB,29,2021-10-26 8:57,,,
TX1920,100.00,16kV,Submersible,NO,W,56,2021-08-24 1:47,,,
TX1556,167.00,16kV,Pole,NO,R,20,2021-12-20 5:38,,,
TX1187,167.00,16kV,Submersible,NO,B,58,2021-08-26 7:33,,,
TX2147,167.00,16kV,Pole,NO,R,28,2022-01-25 5:32,,,
TX1353,167.00,16kV,Pole,YES,W,34,2020-11-28 2:39,,,
TX1738,50.00,16kV,Submersible,NO,W,40,2021-01-09 7:24,,,
TX2352,50.00,16kV,Pole,NO,B,40,2022-02-20 7:34,,,
TX2137,100.00,16kV,Pole,NO,B,42,2022-02-23 7:45,,,
TX2348,100.00,16kV,Pad,NO,W,34,2022-01-27 9:20,,,
TX1179,100.00,2.4kV,Pole,YES,W,60,2022-03-08 12:33,,,
TX1552,167.00,16kV,Submersible,NO,W,21,2018-07-16 5:54,,,
TX2355,50.00,8kV,Submersible,NO,B,25,2022-05-15 4:33,,,
TX1363,50.00,16kV,Submersible,YES,B,60,2022-07-12 7:54,,,
